id,name,image_reference,email,password,age,gender,country
1,Sparhawk,NULL,wsparhawk0@va.gov,$2y$12$HMQpWsBbiW2S/wOXD9YUXOtnUIuGkOyEx9yzrEFFs.8shS13s86l2,37,Female,Brazil
2,Albery,NULL,talbery1@goo.gl,$2y$12$HMQpWsBbiW2S/wOXD9YUXOtnUIuGkOyEx9yzrEFFs.8shS13s86l3,31,Male,Cuba
3,Andresen,NULL,fandresen2@jiathis.com,$2y$12$HMQpWsBbiW2S/wOXD9YUXOtnUIuGkOyEx9yzrEFFs.8shS13s86l4,44,Male,Bosnia and Herzegovina
4,Tansill,NULL,stansill3@salon.com,$2y$12$HMQpWsBbiW2S/wOXD9YUXOtnUIuGkOyEx9yzrEFFs.8shS13s86l5,27,Male,South Africa
5,Jeffels,NULL,ojeffels4@dedecms.com,$2y$12$HMQpWsBbiW2S/wOXD9YUXOtnUIuGkOyEx9yzrEFFs.8shS13s86l6,52,Female,China
6,Thirkettle,NULL,cthirkettle5@woothemes.com,$2y$12$HMQpWsBbiW2S/wOXD9YUXOtnUIuGkOyEx9yzrEFFs.8shS13s86l7,25,Male,Argentina
7,Dowers,NULL,gdowers6@dion.ne.jp,$2y$12$HMQpWsBbiW2S/wOXD9YUXOtnUIuGkOyEx9yzrEFFs.8shS13s86l8,18,Male,South Africa
8,Baudry,NULL,pbaudry7@disqus.com,$2y$12$HMQpWsBbiW2S/wOXD9YUXOtnUIuGkOyEx9yzrEFFs.8shS13s86l9,22,Male,Palestine
9,Smees,NULL,ssmees8@epa.gov,$2y$12$HMQpWsBbiW2S/wOXD9YUXOtnUIuGkOyEx9yzrEFFs.8shS13s86l10,41,Female,Ukraine
10,Darth,NULL,tdarth9@weather.com,$2y$12$HMQpWsBbiW2S/wOXD9YUXOtnUIuGkOyEx9yzrEFFs.8shS13s86l11,31,Female,Albania
11,Wilson,NULL,bwilsona@dailymotion.com,$2y$12$HMQpWsBbiW2S/wOXD9YUXOtnUIuGkOyEx9yzrEFFs.8shS13s86l12,35,Female,Sweden
12,Belliard,NULL,mbelliardb@sbwire.com,$2y$12$HMQpWsBbiW2S/wOXD9YUXOtnUIuGkOyEx9yzrEFFs.8shS13s86l13,38,Female,France
13,David,NULL,mdavidc@slate.com,$2y$12$HMQpWsBbiW2S/wOXD9YUXOtnUIuGkOyEx9yzrEFFs.8shS13s86l14,26,Male,Egypt
14,Kalinowsky,NULL,gkalinowskyd@tinyurl.com,$2y$12$HMQpWsBbiW2S/wOXD9YUXOtnUIuGkOyEx9yzrEFFs.8shS13s86l15,32,Female,Malta
15,Andreaccio,NULL,mandreaccioe@usatoday.com,$2y$12$HMQpWsBbiW2S/wOXD9YUXOtnUIuGkOyEx9yzrEFFs.8shS13s86l16,52,Female,Benin
16,Pechell,NULL,cpechellf@google.ru,$2y$12$HMQpWsBbiW2S/wOXD9YUXOtnUIuGkOyEx9yzrEFFs.8shS13s86l17,32,Male,Portugal
17,Daout,NULL,wdaoutg@ed.gov,$2y$12$HMQpWsBbiW2S/wOXD9YUXOtnUIuGkOyEx9yzrEFFs.8shS13s86l18,39,Male,Ukraine
18,Volett,NULL,wvoletth@cisco.com,$2y$12$HMQpWsBbiW2S/wOXD9YUXOtnUIuGkOyEx9yzrEFFs.8shS13s86l19,26,Male,China
19,Boribal,NULL,bboribali@washington.edu,$2y$12$HMQpWsBbiW2S/wOXD9YUXOtnUIuGkOyEx9yzrEFFs.8shS13s86l20,43,Male,Russia
20,Skynner,NULL,rskynnerj@cdc.gov,$2y$12$HMQpWsBbiW2S/wOXD9YUXOtnUIuGkOyEx9yzrEFFs.8shS13s86l21,34,Male,Lebanon
21,Iglesia,NULL,miglesiak@chronoengine.com,$2y$12$HMQpWsBbiW2S/wOXD9YUXOtnUIuGkOyEx9yzrEFFs.8shS13s86l22,30,Male,China
22,Bryan,NULL,kbryanl@ucoz.com,$2y$12$HMQpWsBbiW2S/wOXD9YUXOtnUIuGkOyEx9yzrEFFs.8shS13s86l23,22,Male,Afghanistan
23,Gianneschi,NULL,mgianneschim@storify.com,$2y$12$HMQpWsBbiW2S/wOXD9YUXOtnUIuGkOyEx9yzrEFFs.8shS13s86l24,25,Male,Belarus
24,Orwin,NULL,borwinn@epa.gov,$2y$12$HMQpWsBbiW2S/wOXD9YUXOtnUIuGkOyEx9yzrEFFs.8shS13s86l25,29,Female,South Korea
25,Klimkovich,NULL,gklimkovicho@imdb.com,$2y$12$HMQpWsBbiW2S/wOXD9YUXOtnUIuGkOyEx9yzrEFFs.8shS13s86l26,43,Female,China
26,Sancraft,NULL,msancraftp@boston.com,$2y$12$HMQpWsBbiW2S/wOXD9YUXOtnUIuGkOyEx9yzrEFFs.8shS13s86l27,39,Male,Indonesia
27,Grint,NULL,rgrintq@spotify.com,$2y$12$HMQpWsBbiW2S/wOXD9YUXOtnUIuGkOyEx9yzrEFFs.8shS13s86l28,35,Male,Moldova
28,Whatford,NULL,mwhatfordr@nbcnews.com,$2y$12$HMQpWsBbiW2S/wOXD9YUXOtnUIuGkOyEx9yzrEFFs.8shS13s86l29,32,Female,China
29,Meads,NULL,fmeadss@last.fm,$2y$12$HMQpWsBbiW2S/wOXD9YUXOtnUIuGkOyEx9yzrEFFs.8shS13s86l30,21,Male,Malawi
30,Parades,NULL,dparadest@pcworld.com,$2y$12$HMQpWsBbiW2S/wOXD9YUXOtnUIuGkOyEx9yzrEFFs.8shS13s86l31,36,Female,Greece
31,Airth,NULL,kairthu@nhs.uk,$2y$12$HMQpWsBbiW2S/wOXD9YUXOtnUIuGkOyEx9yzrEFFs.8shS13s86l32,28,Male,Uganda
32,Dimnage,NULL,kdimnagev@etsy.com,$2y$12$HMQpWsBbiW2S/wOXD9YUXOtnUIuGkOyEx9yzrEFFs.8shS13s86l33,36,Male,Thailand
33,Abramsky,NULL,cabramskyw@godaddy.com,$2y$12$HMQpWsBbiW2S/wOXD9YUXOtnUIuGkOyEx9yzrEFFs.8shS13s86l34,25,Female,China
34,Stephen,NULL,dstephenx@addtoany.com,$2y$12$HMQpWsBbiW2S/wOXD9YUXOtnUIuGkOyEx9yzrEFFs.8shS13s86l35,40,Female,Colombia
35,Windle,NULL,dwindley@myspace.com,$2y$12$HMQpWsBbiW2S/wOXD9YUXOtnUIuGkOyEx9yzrEFFs.8shS13s86l36,30,Female,Armenia
36,O'Cannovane,NULL,jocannovanez@discovery.com,$2y$12$HMQpWsBbiW2S/wOXD9YUXOtnUIuGkOyEx9yzrEFFs.8shS13s86l37,30,Male,Indonesia
37,Caro,NULL,acaro10@networkadvertising.org,$2y$12$HMQpWsBbiW2S/wOXD9YUXOtnUIuGkOyEx9yzrEFFs.8shS13s86l38,38,Male,Armenia
38,Hanham,NULL,rhanham11@bluehost.com,$2y$12$HMQpWsBbiW2S/wOXD9YUXOtnUIuGkOyEx9yzrEFFs.8shS13s86l39,45,Male,Indonesia
39,Kingsland,NULL,fkingsland12@google.fr,$2y$12$HMQpWsBbiW2S/wOXD9YUXOtnUIuGkOyEx9yzrEFFs.8shS13s86l40,30,Female,China
40,Djuricic,NULL,gdjuricic13@nytimes.com,$2y$12$HMQpWsBbiW2S/wOXD9YUXOtnUIuGkOyEx9yzrEFFs.8shS13s86l41,39,Male,United States
41,Bleier,NULL,bbleier14@trellian.com,$2y$12$HMQpWsBbiW2S/wOXD9YUXOtnUIuGkOyEx9yzrEFFs.8shS13s86l42,40,Male,Indonesia
42,Row,NULL,brow15@netscape.com,$2y$12$HMQpWsBbiW2S/wOXD9YUXOtnUIuGkOyEx9yzrEFFs.8shS13s86l43,38,Female,Czechia
43,Pinkett,NULL,kpinkett16@dedecms.com,$2y$12$HMQpWsBbiW2S/wOXD9YUXOtnUIuGkOyEx9yzrEFFs.8shS13s86l44,30,Male,Indonesia
44,Meaddowcroft,NULL,umeaddowcroft17@ftc.gov,$2y$12$HMQpWsBbiW2S/wOXD9YUXOtnUIuGkOyEx9yzrEFFs.8shS13s86l45,32,Male,Indonesia
45,MacNally,NULL,imacnally18@elpais.com,$2y$12$HMQpWsBbiW2S/wOXD9YUXOtnUIuGkOyEx9yzrEFFs.8shS13s86l46,43,Male,China
46,Hurll,NULL,khurll19@google.co.jp,$2y$12$HMQpWsBbiW2S/wOXD9YUXOtnUIuGkOyEx9yzrEFFs.8shS13s86l47,33,Male,China
47,Busain,NULL,abusain1a@walmart.com,$2y$12$HMQpWsBbiW2S/wOXD9YUXOtnUIuGkOyEx9yzrEFFs.8shS13s86l48,25,Male,Brazil
48,Cobleigh,NULL,acobleigh1b@51.la,$2y$12$HMQpWsBbiW2S/wOXD9YUXOtnUIuGkOyEx9yzrEFFs.8shS13s86l49,37,Female,Philippines
49,MacCheyne,NULL,nmaccheyne1c@time.com,$2y$12$HMQpWsBbiW2S/wOXD9YUXOtnUIuGkOyEx9yzrEFFs.8shS13s86l50,42,Male,Somalia
50,Baccas,NULL,fbaccas1d@redcross.org,$2y$12$HMQpWsBbiW2S/wOXD9YUXOtnUIuGkOyEx9yzrEFFs.8shS13s86l51,32,Male,China
51,Gater,NULL,egater1e@loc.gov,$2y$12$HMQpWsBbiW2S/wOXD9YUXOtnUIuGkOyEx9yzrEFFs.8shS13s86l52,20,Male,Argentina
52,Wormald,NULL,ewormald1f@posterous.com,$2y$12$HMQpWsBbiW2S/wOXD9YUXOtnUIuGkOyEx9yzrEFFs.8shS13s86l53,21,Male,Philippines
53,Bothwell,NULL,sbothwell1g@loc.gov,$2y$12$HMQpWsBbiW2S/wOXD9YUXOtnUIuGkOyEx9yzrEFFs.8shS13s86l54,39,Female,Russia
54,Form,NULL,aform1h@pinterest.com,$2y$12$HMQpWsBbiW2S/wOXD9YUXOtnUIuGkOyEx9yzrEFFs.8shS13s86l55,39,Male,Brazil
55,Bosche,NULL,gbosche1i@forbes.com,$2y$12$HMQpWsBbiW2S/wOXD9YUXOtnUIuGkOyEx9yzrEFFs.8shS13s86l56,50,Female,Benin
56,Bansal,NULL,tbansal1j@prlog.org,$2y$12$HMQpWsBbiW2S/wOXD9YUXOtnUIuGkOyEx9yzrEFFs.8shS13s86l57,54,Male,France
57,Breese,NULL,jbreese1k@abc.net.au,$2y$12$HMQpWsBbiW2S/wOXD9YUXOtnUIuGkOyEx9yzrEFFs.8shS13s86l58,35,Male,South Africa
58,Meeks,NULL,smeeks1l@japanpost.jp,$2y$12$HMQpWsBbiW2S/wOXD9YUXOtnUIuGkOyEx9yzrEFFs.8shS13s86l59,40,Male,Poland
59,Gambell,NULL,bgambell1m@blinklist.com,$2y$12$HMQpWsBbiW2S/wOXD9YUXOtnUIuGkOyEx9yzrEFFs.8shS13s86l60,54,Female,Brazil
60,Marousek,NULL,cmarousek1n@biglobe.ne.jp,$2y$12$HMQpWsBbiW2S/wOXD9YUXOtnUIuGkOyEx9yzrEFFs.8shS13s86l61,22,Male,France
61,Chilver,NULL,cchilver1o@nationalgeographic.com,$2y$12$HMQpWsBbiW2S/wOXD9YUXOtnUIuGkOyEx9yzrEFFs.8shS13s86l62,20,Male,Kazakhstan
62,Manske,NULL,mmanske1p@ted.com,$2y$12$HMQpWsBbiW2S/wOXD9YUXOtnUIuGkOyEx9yzrEFFs.8shS13s86l63,35,Female,Sweden
63,Keays,NULL,gkeays1q@amazon.com,$2y$12$HMQpWsBbiW2S/wOXD9YUXOtnUIuGkOyEx9yzrEFFs.8shS13s86l64,30,Male,Macedonia
64,Vobes,NULL,lvobes1r@desdev.cn,$2y$12$HMQpWsBbiW2S/wOXD9YUXOtnUIuGkOyEx9yzrEFFs.8shS13s86l65,21,Female,Colombia
65,MacCallum,NULL,emaccallum1s@youku.com,$2y$12$HMQpWsBbiW2S/wOXD9YUXOtnUIuGkOyEx9yzrEFFs.8shS13s86l66,42,Female,New Zealand
66,Lehrle,NULL,glehrle1t@simplemachines.org,$2y$12$HMQpWsBbiW2S/wOXD9YUXOtnUIuGkOyEx9yzrEFFs.8shS13s86l67,32,Male,Ukraine
67,Betho,NULL,cbetho1u@nba.com,$2y$12$HMQpWsBbiW2S/wOXD9YUXOtnUIuGkOyEx9yzrEFFs.8shS13s86l68,51,Female,Argentina
68,Coomber,NULL,rcoomber1v@taobao.com,$2y$12$HMQpWsBbiW2S/wOXD9YUXOtnUIuGkOyEx9yzrEFFs.8shS13s86l69,40,Male,Iran
69,McAlroy,NULL,cmcalroy1w@dot.gov,$2y$12$HMQpWsBbiW2S/wOXD9YUXOtnUIuGkOyEx9yzrEFFs.8shS13s86l70,26,Female,France
70,Brogden,NULL,dbrogden1x@miitbeian.gov.cn,$2y$12$HMQpWsBbiW2S/wOXD9YUXOtnUIuGkOyEx9yzrEFFs.8shS13s86l71,34,Male,Greece
71,Kitteringham,NULL,okitteringham1y@ucoz.com,$2y$12$HMQpWsBbiW2S/wOXD9YUXOtnUIuGkOyEx9yzrEFFs.8shS13s86l72,28,Male,China
72,Allingham,NULL,oallingham1z@buzzfeed.com,$2y$12$HMQpWsBbiW2S/wOXD9YUXOtnUIuGkOyEx9yzrEFFs.8shS13s86l73,24,Male,Germany
73,Birkett,NULL,jbirkett20@php.net,$2y$12$HMQpWsBbiW2S/wOXD9YUXOtnUIuGkOyEx9yzrEFFs.8shS13s86l74,53,Female,Canada
74,Delue,NULL,cdelue21@cargocollective.com,$2y$12$HMQpWsBbiW2S/wOXD9YUXOtnUIuGkOyEx9yzrEFFs.8shS13s86l75,31,Male,Luxembourg
75,Skermer,NULL,fskermer22@pagesperso-orange.fr,$2y$12$HMQpWsBbiW2S/wOXD9YUXOtnUIuGkOyEx9yzrEFFs.8shS13s86l76,43,Male,French Polynesia
76,Glowacha,NULL,vglowacha23@cdc.gov,$2y$12$HMQpWsBbiW2S/wOXD9YUXOtnUIuGkOyEx9yzrEFFs.8shS13s86l77,59,Male,Russia
77,Stansall,NULL,cstansall24@webeden.co.uk,$2y$12$HMQpWsBbiW2S/wOXD9YUXOtnUIuGkOyEx9yzrEFFs.8shS13s86l78,21,Female,France
78,Doddemeade,NULL,bdoddemeade25@nps.gov,$2y$12$HMQpWsBbiW2S/wOXD9YUXOtnUIuGkOyEx9yzrEFFs.8shS13s86l79,18,Male,China
79,O'Kieran,NULL,gokieran26@1688.com,$2y$12$HMQpWsBbiW2S/wOXD9YUXOtnUIuGkOyEx9yzrEFFs.8shS13s86l80,24,Male,Spain
80,Morrant,NULL,imorrant27@chicagotribune.com,$2y$12$HMQpWsBbiW2S/wOXD9YUXOtnUIuGkOyEx9yzrEFFs.8shS13s86l81,38,Male,Iran
81,Fike,NULL,jfike28@amazon.co.jp,$2y$12$HMQpWsBbiW2S/wOXD9YUXOtnUIuGkOyEx9yzrEFFs.8shS13s86l82,42,Female,Canada
82,Crow,NULL,ccrow29@princeton.edu,$2y$12$HMQpWsBbiW2S/wOXD9YUXOtnUIuGkOyEx9yzrEFFs.8shS13s86l83,39,Female,China
83,Stiggles,NULL,cstiggles2a@hugedomains.com,$2y$12$HMQpWsBbiW2S/wOXD9YUXOtnUIuGkOyEx9yzrEFFs.8shS13s86l84,43,Female,France
84,Pegg,NULL,lpegg2b@redcross.org,$2y$12$HMQpWsBbiW2S/wOXD9YUXOtnUIuGkOyEx9yzrEFFs.8shS13s86l85,20,Male,Portugal
85,Lavelle,NULL,tlavelle2c@boston.com,$2y$12$HMQpWsBbiW2S/wOXD9YUXOtnUIuGkOyEx9yzrEFFs.8shS13s86l86,45,Male,China
86,Furneaux,NULL,lfurneaux2d@noaa.gov,$2y$12$HMQpWsBbiW2S/wOXD9YUXOtnUIuGkOyEx9yzrEFFs.8shS13s86l87,27,Male,France
87,Petrosian,NULL,spetrosian2e@e-recht24.de,$2y$12$HMQpWsBbiW2S/wOXD9YUXOtnUIuGkOyEx9yzrEFFs.8shS13s86l88,32,Male,Russia
88,Stubbins,NULL,fstubbins2f@symantec.com,$2y$12$HMQpWsBbiW2S/wOXD9YUXOtnUIuGkOyEx9yzrEFFs.8shS13s86l89,44,Female,Democratic Republic of the Congo
89,Huffadine,NULL,thuffadine2g@hugedomains.com,$2y$12$HMQpWsBbiW2S/wOXD9YUXOtnUIuGkOyEx9yzrEFFs.8shS13s86l90,30,Male,Thailand
90,Clowsley,NULL,gclowsley2h@ow.ly,$2y$12$HMQpWsBbiW2S/wOXD9YUXOtnUIuGkOyEx9yzrEFFs.8shS13s86l91,34,Female,Indonesia
91,Shimony,NULL,ashimony2i@reference.com,$2y$12$HMQpWsBbiW2S/wOXD9YUXOtnUIuGkOyEx9yzrEFFs.8shS13s86l92,34,Male,Thailand
92,Deverall,NULL,ndeverall2j@google.co.jp,$2y$12$HMQpWsBbiW2S/wOXD9YUXOtnUIuGkOyEx9yzrEFFs.8shS13s86l93,37,Male,France
93,Dudding,NULL,bdudding2k@studiopress.com,$2y$12$HMQpWsBbiW2S/wOXD9YUXOtnUIuGkOyEx9yzrEFFs.8shS13s86l94,45,Female,Russia
94,Dennett,NULL,sdennett2l@phpbb.com,$2y$12$HMQpWsBbiW2S/wOXD9YUXOtnUIuGkOyEx9yzrEFFs.8shS13s86l95,28,Male,China
95,Hebbs,NULL,rhebbs2m@alexa.com,$2y$12$HMQpWsBbiW2S/wOXD9YUXOtnUIuGkOyEx9yzrEFFs.8shS13s86l96,41,Male,Philippines
96,Kalewe,NULL,nkalewe2n@ftc.gov,$2y$12$HMQpWsBbiW2S/wOXD9YUXOtnUIuGkOyEx9yzrEFFs.8shS13s86l97,30,Male,Latvia
97,Paulou,NULL,cpaulou2o@seattletimes.com,$2y$12$HMQpWsBbiW2S/wOXD9YUXOtnUIuGkOyEx9yzrEFFs.8shS13s86l98,42,Male,Israel
98,Wannell,NULL,bwannell2p@amazonaws.com,$2y$12$HMQpWsBbiW2S/wOXD9YUXOtnUIuGkOyEx9yzrEFFs.8shS13s86l99,40,Male,Sweden
99,Dadley,NULL,ldadley2q@alibaba.com,$2y$12$HMQpWsBbiW2S/wOXD9YUXOtnUIuGkOyEx9yzrEFFs.8shS13s86l100,57,Female,China
100,Welsby,NULL,zwelsby2r@craigslist.org,$2y$12$HMQpWsBbiW2S/wOXD9YUXOtnUIuGkOyEx9yzrEFFs.8shS13s86l101,26,Female,Indonesia
101,MacGeffen,NULL,jmacgeffen2s@google.cn,$2y$12$HMQpWsBbiW2S/wOXD9YUXOtnUIuGkOyEx9yzrEFFs.8shS13s86l102,24,Male,China
102,Conybear,NULL,bconybear2t@nhs.uk,$2y$12$HMQpWsBbiW2S/wOXD9YUXOtnUIuGkOyEx9yzrEFFs.8shS13s86l103,26,Male,Bulgaria
103,Doumenc,NULL,mdoumenc2u@cdbaby.com,$2y$12$HMQpWsBbiW2S/wOXD9YUXOtnUIuGkOyEx9yzrEFFs.8shS13s86l104,41,Female,China
104,Bulcock,NULL,fbulcock2v@skype.com,$2y$12$HMQpWsBbiW2S/wOXD9YUXOtnUIuGkOyEx9yzrEFFs.8shS13s86l105,24,Female,China
105,Wittke,NULL,gwittke2w@odnoklassniki.ru,$2y$12$HMQpWsBbiW2S/wOXD9YUXOtnUIuGkOyEx9yzrEFFs.8shS13s86l106,22,Male,South Africa
106,Trineman,NULL,ltrineman2x@about.com,$2y$12$HMQpWsBbiW2S/wOXD9YUXOtnUIuGkOyEx9yzrEFFs.8shS13s86l107,47,Male,Indonesia
107,MacGown,NULL,vmacgown2y@lulu.com,$2y$12$HMQpWsBbiW2S/wOXD9YUXOtnUIuGkOyEx9yzrEFFs.8shS13s86l108,29,Female,Canada
108,Delete,NULL,cdelete2z@t.co,$2y$12$HMQpWsBbiW2S/wOXD9YUXOtnUIuGkOyEx9yzrEFFs.8shS13s86l109,39,Male,China
109,Larciere,NULL,rlarciere30@amazon.co.jp,$2y$12$HMQpWsBbiW2S/wOXD9YUXOtnUIuGkOyEx9yzrEFFs.8shS13s86l110,22,Male,Djibouti
110,Mathes,NULL,mmathes31@columbia.edu,$2y$12$HMQpWsBbiW2S/wOXD9YUXOtnUIuGkOyEx9yzrEFFs.8shS13s86l111,39,Male,Egypt
111,Lowles,NULL,llowles32@friendfeed.com,$2y$12$HMQpWsBbiW2S/wOXD9YUXOtnUIuGkOyEx9yzrEFFs.8shS13s86l112,49,Female,Japan
112,Dobbison,NULL,cdobbison33@ustream.tv,$2y$12$HMQpWsBbiW2S/wOXD9YUXOtnUIuGkOyEx9yzrEFFs.8shS13s86l113,25,Female,China
113,Bottby,NULL,abottby34@infoseek.co.jp,$2y$12$HMQpWsBbiW2S/wOXD9YUXOtnUIuGkOyEx9yzrEFFs.8shS13s86l114,37,Female,China
114,Thurlbeck,NULL,cthurlbeck35@php.net,$2y$12$HMQpWsBbiW2S/wOXD9YUXOtnUIuGkOyEx9yzrEFFs.8shS13s86l115,43,Male,Somalia
115,Ledgister,NULL,hledgister36@tamu.edu,$2y$12$HMQpWsBbiW2S/wOXD9YUXOtnUIuGkOyEx9yzrEFFs.8shS13s86l116,43,Male,Poland
116,Pettko,NULL,spettko37@vk.com,$2y$12$HMQpWsBbiW2S/wOXD9YUXOtnUIuGkOyEx9yzrEFFs.8shS13s86l117,30,Female,France
117,Demageard,NULL,gdemageard38@usatoday.com,$2y$12$HMQpWsBbiW2S/wOXD9YUXOtnUIuGkOyEx9yzrEFFs.8shS13s86l118,54,Male,China
118,Cordelet,NULL,bcordelet39@godaddy.com,$2y$12$HMQpWsBbiW2S/wOXD9YUXOtnUIuGkOyEx9yzrEFFs.8shS13s86l119,33,Male,Bolivia
119,MacRury,NULL,mmacrury3a@latimes.com,$2y$12$HMQpWsBbiW2S/wOXD9YUXOtnUIuGkOyEx9yzrEFFs.8shS13s86l120,21,Male,Nigeria
120,Londors,NULL,olondors3b@jiathis.com,$2y$12$HMQpWsBbiW2S/wOXD9YUXOtnUIuGkOyEx9yzrEFFs.8shS13s86l121,23,Female,Chile
121,Linde,NULL,wlinde3c@usnews.com,$2y$12$HMQpWsBbiW2S/wOXD9YUXOtnUIuGkOyEx9yzrEFFs.8shS13s86l122,35,Male,China
122,Bartosch,NULL,mbartosch3d@cnn.com,$2y$12$HMQpWsBbiW2S/wOXD9YUXOtnUIuGkOyEx9yzrEFFs.8shS13s86l123,30,Female,Indonesia
123,Labat,NULL,vlabat3e@chron.com,$2y$12$HMQpWsBbiW2S/wOXD9YUXOtnUIuGkOyEx9yzrEFFs.8shS13s86l124,33,Male,China
124,Beever,NULL,nbeever3f@simplemachines.org,$2y$12$HMQpWsBbiW2S/wOXD9YUXOtnUIuGkOyEx9yzrEFFs.8shS13s86l125,43,Male,Brazil
125,De Witt,NULL,ldewitt3g@nydailynews.com,$2y$12$HMQpWsBbiW2S/wOXD9YUXOtnUIuGkOyEx9yzrEFFs.8shS13s86l126,35,Male,Nepal
126,de Clerk,NULL,bdeclerk3h@ycombinator.com,$2y$12$HMQpWsBbiW2S/wOXD9YUXOtnUIuGkOyEx9yzrEFFs.8shS13s86l127,27,Male,Finland
127,Daniellot,NULL,ldaniellot3i@newsvine.com,$2y$12$HMQpWsBbiW2S/wOXD9YUXOtnUIuGkOyEx9yzrEFFs.8shS13s86l128,34,Male,Mali
128,Sandland,NULL,csandland3j@jigsy.com,$2y$12$HMQpWsBbiW2S/wOXD9YUXOtnUIuGkOyEx9yzrEFFs.8shS13s86l129,46,Male,Philippines
129,Sinnocke,NULL,lsinnocke3k@foxnews.com,$2y$12$HMQpWsBbiW2S/wOXD9YUXOtnUIuGkOyEx9yzrEFFs.8shS13s86l130,37,Female,Canada
130,Behn,NULL,jbehn3l@upenn.edu,$2y$12$HMQpWsBbiW2S/wOXD9YUXOtnUIuGkOyEx9yzrEFFs.8shS13s86l131,57,Female,Sweden
131,Cases,NULL,dcases3m@va.gov,$2y$12$HMQpWsBbiW2S/wOXD9YUXOtnUIuGkOyEx9yzrEFFs.8shS13s86l132,36,Female,Russia
132,Howis,NULL,thowis3n@seesaa.net,$2y$12$HMQpWsBbiW2S/wOXD9YUXOtnUIuGkOyEx9yzrEFFs.8shS13s86l133,46,Male,Indonesia
133,Pozzi,NULL,apozzi3o@businessinsider.com,$2y$12$HMQpWsBbiW2S/wOXD9YUXOtnUIuGkOyEx9yzrEFFs.8shS13s86l134,32,Female,Philippines
134,Marriage,NULL,mmarriage3p@microsoft.com,$2y$12$HMQpWsBbiW2S/wOXD9YUXOtnUIuGkOyEx9yzrEFFs.8shS13s86l135,46,Male,China
135,Pursehouse,NULL,jpursehouse3q@ibm.com,$2y$12$HMQpWsBbiW2S/wOXD9YUXOtnUIuGkOyEx9yzrEFFs.8shS13s86l136,22,Male,India
136,Gooly,NULL,kgooly3r@constantcontact.com,$2y$12$HMQpWsBbiW2S/wOXD9YUXOtnUIuGkOyEx9yzrEFFs.8shS13s86l137,33,Male,Colombia
137,Fleis,NULL,lfleis3s@bizjournals.com,$2y$12$HMQpWsBbiW2S/wOXD9YUXOtnUIuGkOyEx9yzrEFFs.8shS13s86l138,38,Male,Syria
138,Stanlike,NULL,kstanlike3t@shareasale.com,$2y$12$HMQpWsBbiW2S/wOXD9YUXOtnUIuGkOyEx9yzrEFFs.8shS13s86l139,39,Female,China
139,Booij,NULL,ebooij3u@oaic.gov.au,$2y$12$HMQpWsBbiW2S/wOXD9YUXOtnUIuGkOyEx9yzrEFFs.8shS13s86l140,57,Female,United Kingdom
140,Dan,NULL,adan3v@wikia.com,$2y$12$HMQpWsBbiW2S/wOXD9YUXOtnUIuGkOyEx9yzrEFFs.8shS13s86l141,46,Female,Russia
141,Tottie,NULL,mtottie3w@newyorker.com,$2y$12$HMQpWsBbiW2S/wOXD9YUXOtnUIuGkOyEx9yzrEFFs.8shS13s86l142,34,Male,Vietnam
142,Valsler,NULL,dvalsler3x@a8.net,$2y$12$HMQpWsBbiW2S/wOXD9YUXOtnUIuGkOyEx9yzrEFFs.8shS13s86l143,31,Male,Canada
143,Collister,NULL,tcollister3y@istockphoto.com,$2y$12$HMQpWsBbiW2S/wOXD9YUXOtnUIuGkOyEx9yzrEFFs.8shS13s86l144,40,Male,Philippines
144,Skeemor,NULL,cskeemor3z@ft.com,$2y$12$HMQpWsBbiW2S/wOXD9YUXOtnUIuGkOyEx9yzrEFFs.8shS13s86l145,25,Male,Philippines
145,Chitter,NULL,schitter40@eventbrite.com,$2y$12$HMQpWsBbiW2S/wOXD9YUXOtnUIuGkOyEx9yzrEFFs.8shS13s86l146,38,Male,Serbia
146,Matityahu,NULL,amatityahu41@samsung.com,$2y$12$HMQpWsBbiW2S/wOXD9YUXOtnUIuGkOyEx9yzrEFFs.8shS13s86l147,29,Female,Peru
147,Gowlett,NULL,ggowlett42@tinyurl.com,$2y$12$HMQpWsBbiW2S/wOXD9YUXOtnUIuGkOyEx9yzrEFFs.8shS13s86l148,23,Male,Poland
148,Forcade,NULL,nforcade43@tripod.com,$2y$12$HMQpWsBbiW2S/wOXD9YUXOtnUIuGkOyEx9yzrEFFs.8shS13s86l149,19,Female,Tuvalu
149,Rickman,NULL,nrickman44@go.com,$2y$12$HMQpWsBbiW2S/wOXD9YUXOtnUIuGkOyEx9yzrEFFs.8shS13s86l150,25,Male,Russia
150,Cotty,NULL,ccotty45@fda.gov,$2y$12$HMQpWsBbiW2S/wOXD9YUXOtnUIuGkOyEx9yzrEFFs.8shS13s86l151,37,Male,Bosnia and Herzegovina
151,Chalfain,NULL,gchalfain46@mlb.com,$2y$12$HMQpWsBbiW2S/wOXD9YUXOtnUIuGkOyEx9yzrEFFs.8shS13s86l152,47,Female,Portugal
152,Berthome,NULL,kberthome47@lycos.com,$2y$12$HMQpWsBbiW2S/wOXD9YUXOtnUIuGkOyEx9yzrEFFs.8shS13s86l153,20,Female,Nigeria
153,Cliffe,NULL,jcliffe48@ed.gov,$2y$12$HMQpWsBbiW2S/wOXD9YUXOtnUIuGkOyEx9yzrEFFs.8shS13s86l154,22,Female,China
154,Fuster,NULL,cfuster49@deviantart.com,$2y$12$HMQpWsBbiW2S/wOXD9YUXOtnUIuGkOyEx9yzrEFFs.8shS13s86l155,41,Male,Sweden
155,Langfitt,NULL,mlangfitt4a@slashdot.org,$2y$12$HMQpWsBbiW2S/wOXD9YUXOtnUIuGkOyEx9yzrEFFs.8shS13s86l156,24,Male,South Korea
156,Straniero,NULL,dstraniero4b@phpbb.com,$2y$12$HMQpWsBbiW2S/wOXD9YUXOtnUIuGkOyEx9yzrEFFs.8shS13s86l157,38,Male,Poland
157,L'argent,NULL,clargent4c@g.co,$2y$12$HMQpWsBbiW2S/wOXD9YUXOtnUIuGkOyEx9yzrEFFs.8shS13s86l158,37,Female,United States
158,Gligori,NULL,jgligori4d@ft.com,$2y$12$HMQpWsBbiW2S/wOXD9YUXOtnUIuGkOyEx9yzrEFFs.8shS13s86l159,19,Female,Russia
159,Poulsum,NULL,kpoulsum4e@prweb.com,$2y$12$HMQpWsBbiW2S/wOXD9YUXOtnUIuGkOyEx9yzrEFFs.8shS13s86l160,24,Female,Brazil
160,Conti,NULL,gconti4f@sun.com,$2y$12$HMQpWsBbiW2S/wOXD9YUXOtnUIuGkOyEx9yzrEFFs.8shS13s86l161,60,Male,France
161,Decruse,NULL,mdecruse4g@theglobeandmail.com,$2y$12$HMQpWsBbiW2S/wOXD9YUXOtnUIuGkOyEx9yzrEFFs.8shS13s86l162,31,Female,Norway
162,Gaskal,NULL,dgaskal4h@homestead.com,$2y$12$HMQpWsBbiW2S/wOXD9YUXOtnUIuGkOyEx9yzrEFFs.8shS13s86l163,29,Male,China
163,Ferandez,NULL,dferandez4i@blogs.com,$2y$12$HMQpWsBbiW2S/wOXD9YUXOtnUIuGkOyEx9yzrEFFs.8shS13s86l164,39,Female,Poland
164,Fessier,NULL,hfessier4j@google.fr,$2y$12$HMQpWsBbiW2S/wOXD9YUXOtnUIuGkOyEx9yzrEFFs.8shS13s86l165,34,Male,Japan
165,Laker,NULL,alaker4k@google.com.au,$2y$12$HMQpWsBbiW2S/wOXD9YUXOtnUIuGkOyEx9yzrEFFs.8shS13s86l166,36,Male,Indonesia
166,Bosworth,NULL,gbosworth4l@miitbeian.gov.cn,$2y$12$HMQpWsBbiW2S/wOXD9YUXOtnUIuGkOyEx9yzrEFFs.8shS13s86l167,35,Male,Laos
167,Mussolini,NULL,smussolini4m@cisco.com,$2y$12$HMQpWsBbiW2S/wOXD9YUXOtnUIuGkOyEx9yzrEFFs.8shS13s86l168,20,Male,Greece
168,Janway,NULL,mjanway4n@bizjournals.com,$2y$12$HMQpWsBbiW2S/wOXD9YUXOtnUIuGkOyEx9yzrEFFs.8shS13s86l169,22,Female,China
169,Henriet,NULL,thenriet4o@soundcloud.com,$2y$12$HMQpWsBbiW2S/wOXD9YUXOtnUIuGkOyEx9yzrEFFs.8shS13s86l170,30,Female,Mexico
170,Romand,NULL,aromand4p@twitter.com,$2y$12$HMQpWsBbiW2S/wOXD9YUXOtnUIuGkOyEx9yzrEFFs.8shS13s86l171,30,Male,Brazil
171,Tackes,NULL,dtackes4q@aboutads.info,$2y$12$HMQpWsBbiW2S/wOXD9YUXOtnUIuGkOyEx9yzrEFFs.8shS13s86l172,45,Male,Indonesia
172,Shadfourth,NULL,gshadfourth4r@china.com.cn,$2y$12$HMQpWsBbiW2S/wOXD9YUXOtnUIuGkOyEx9yzrEFFs.8shS13s86l173,34,Male,Bhutan
173,Wileman,NULL,cwileman4s@pbs.org,$2y$12$HMQpWsBbiW2S/wOXD9YUXOtnUIuGkOyEx9yzrEFFs.8shS13s86l174,43,Male,Palestine
174,Keedwell,NULL,mkeedwell4t@bloglovin.com,$2y$12$HMQpWsBbiW2S/wOXD9YUXOtnUIuGkOyEx9yzrEFFs.8shS13s86l175,48,Male,Iran
175,Raffin,NULL,vraffin4u@cocolog-nifty.com,$2y$12$HMQpWsBbiW2S/wOXD9YUXOtnUIuGkOyEx9yzrEFFs.8shS13s86l176,44,Male,Indonesia
176,Guinness,NULL,bguinness4v@cocolog-nifty.com,$2y$12$HMQpWsBbiW2S/wOXD9YUXOtnUIuGkOyEx9yzrEFFs.8shS13s86l177,57,Female,Brazil
177,Doogue,NULL,rdoogue4w@digg.com,$2y$12$HMQpWsBbiW2S/wOXD9YUXOtnUIuGkOyEx9yzrEFFs.8shS13s86l178,49,Female,Norway
178,Doy,NULL,rdoy4x@ucsd.edu,$2y$12$HMQpWsBbiW2S/wOXD9YUXOtnUIuGkOyEx9yzrEFFs.8shS13s86l179,50,Male,Russia
179,Pyffe,NULL,apyffe4y@youku.com,$2y$12$HMQpWsBbiW2S/wOXD9YUXOtnUIuGkOyEx9yzrEFFs.8shS13s86l180,30,Female,Venezuela
180,Cage,NULL,kcage4z@weather.com,$2y$12$HMQpWsBbiW2S/wOXD9YUXOtnUIuGkOyEx9yzrEFFs.8shS13s86l181,24,Male,Peru
181,Eastcott,NULL,seastcott50@google.com.au,$2y$12$HMQpWsBbiW2S/wOXD9YUXOtnUIuGkOyEx9yzrEFFs.8shS13s86l182,40,Male,Portugal
182,Pepon,NULL,bpepon51@google.co.jp,$2y$12$HMQpWsBbiW2S/wOXD9YUXOtnUIuGkOyEx9yzrEFFs.8shS13s86l183,53,Male,Colombia
183,Bedome,NULL,mbedome52@opensource.org,$2y$12$HMQpWsBbiW2S/wOXD9YUXOtnUIuGkOyEx9yzrEFFs.8shS13s86l184,35,Female,Philippines
184,Grenkov,NULL,ogrenkov53@nasa.gov,$2y$12$HMQpWsBbiW2S/wOXD9YUXOtnUIuGkOyEx9yzrEFFs.8shS13s86l185,59,Female,Brazil
185,Harnell,NULL,gharnell54@technorati.com,$2y$12$HMQpWsBbiW2S/wOXD9YUXOtnUIuGkOyEx9yzrEFFs.8shS13s86l186,39,Male,Russia
186,MacPadene,NULL,bmacpadene55@ibm.com,$2y$12$HMQpWsBbiW2S/wOXD9YUXOtnUIuGkOyEx9yzrEFFs.8shS13s86l187,21,Female,Russia
187,Martt,NULL,hmartt56@nba.com,$2y$12$HMQpWsBbiW2S/wOXD9YUXOtnUIuGkOyEx9yzrEFFs.8shS13s86l188,43,Female,China
188,Paolozzi,NULL,lpaolozzi57@huffingtonpost.com,$2y$12$HMQpWsBbiW2S/wOXD9YUXOtnUIuGkOyEx9yzrEFFs.8shS13s86l189,37,Female,Portugal
189,Buckler,NULL,dbuckler58@webmd.com,$2y$12$HMQpWsBbiW2S/wOXD9YUXOtnUIuGkOyEx9yzrEFFs.8shS13s86l190,37,Female,Germany
190,Scully,NULL,dscully59@cmu.edu,$2y$12$HMQpWsBbiW2S/wOXD9YUXOtnUIuGkOyEx9yzrEFFs.8shS13s86l191,22,Female,Libya
191,Bance,NULL,mbance5a@comcast.net,$2y$12$HMQpWsBbiW2S/wOXD9YUXOtnUIuGkOyEx9yzrEFFs.8shS13s86l192,21,Male,China
192,Mewes,NULL,rmewes5b@reddit.com,$2y$12$HMQpWsBbiW2S/wOXD9YUXOtnUIuGkOyEx9yzrEFFs.8shS13s86l193,33,Female,Indonesia
193,Heffernon,NULL,cheffernon5c@baidu.com,$2y$12$HMQpWsBbiW2S/wOXD9YUXOtnUIuGkOyEx9yzrEFFs.8shS13s86l194,32,Male,Indonesia
194,Haggath,NULL,yhaggath5d@wiley.com,$2y$12$HMQpWsBbiW2S/wOXD9YUXOtnUIuGkOyEx9yzrEFFs.8shS13s86l195,18,Male,Syria
195,McNerlin,NULL,smcnerlin5e@microsoft.com,$2y$12$HMQpWsBbiW2S/wOXD9YUXOtnUIuGkOyEx9yzrEFFs.8shS13s86l196,25,Male,Uganda
196,Ernshaw,NULL,rernshaw5f@walmart.com,$2y$12$HMQpWsBbiW2S/wOXD9YUXOtnUIuGkOyEx9yzrEFFs.8shS13s86l197,39,Female,Japan
197,Gadney,NULL,wgadney5g@ted.com,$2y$12$HMQpWsBbiW2S/wOXD9YUXOtnUIuGkOyEx9yzrEFFs.8shS13s86l198,26,Female,Indonesia
198,Nolton,NULL,jnolton5h@wordpress.org,$2y$12$HMQpWsBbiW2S/wOXD9YUXOtnUIuGkOyEx9yzrEFFs.8shS13s86l199,24,Female,Philippines
199,Bryning,NULL,bbryning5i@mediafire.com,$2y$12$HMQpWsBbiW2S/wOXD9YUXOtnUIuGkOyEx9yzrEFFs.8shS13s86l200,25,Male,China
200,Josse,NULL,djosse5j@chronoengine.com,$2y$12$HMQpWsBbiW2S/wOXD9YUXOtnUIuGkOyEx9yzrEFFs.8shS13s86l201,20,Female,Tanzania
201,Hutchence,NULL,hhutchence5k@phpbb.com,$2y$12$HMQpWsBbiW2S/wOXD9YUXOtnUIuGkOyEx9yzrEFFs.8shS13s86l202,33,Male,Colombia
202,Spittal,NULL,kspittal5l@examiner.com,$2y$12$HMQpWsBbiW2S/wOXD9YUXOtnUIuGkOyEx9yzrEFFs.8shS13s86l203,42,Male,Poland
203,MacCleay,NULL,pmaccleay5m@google.nl,$2y$12$HMQpWsBbiW2S/wOXD9YUXOtnUIuGkOyEx9yzrEFFs.8shS13s86l204,62,Female,France
204,Chown,NULL,mchown5n@alexa.com,$2y$12$HMQpWsBbiW2S/wOXD9YUXOtnUIuGkOyEx9yzrEFFs.8shS13s86l205,38,Male,Kenya
205,Degoe,NULL,mdegoe5o@reuters.com,$2y$12$HMQpWsBbiW2S/wOXD9YUXOtnUIuGkOyEx9yzrEFFs.8shS13s86l206,53,Male,Tajikistan
206,Keilloh,NULL,hkeilloh5p@go.com,$2y$12$HMQpWsBbiW2S/wOXD9YUXOtnUIuGkOyEx9yzrEFFs.8shS13s86l207,50,Female,Philippines
207,Villaron,NULL,avillaron5q@google.com.hk,$2y$12$HMQpWsBbiW2S/wOXD9YUXOtnUIuGkOyEx9yzrEFFs.8shS13s86l208,37,Female,Venezuela
208,Macellar,NULL,rmacellar5r@weibo.com,$2y$12$HMQpWsBbiW2S/wOXD9YUXOtnUIuGkOyEx9yzrEFFs.8shS13s86l209,38,Female,Nepal
209,Spadeck,NULL,sspadeck5s@cisco.com,$2y$12$HMQpWsBbiW2S/wOXD9YUXOtnUIuGkOyEx9yzrEFFs.8shS13s86l210,28,Male,Nicaragua
210,Pritty,NULL,ipritty5t@bloomberg.com,$2y$12$HMQpWsBbiW2S/wOXD9YUXOtnUIuGkOyEx9yzrEFFs.8shS13s86l211,18,Female,Sweden
211,Belitz,NULL,pbelitz5u@linkedin.com,$2y$12$HMQpWsBbiW2S/wOXD9YUXOtnUIuGkOyEx9yzrEFFs.8shS13s86l212,20,Male,Portugal
212,Sammons,NULL,msammons5v@netvibes.com,$2y$12$HMQpWsBbiW2S/wOXD9YUXOtnUIuGkOyEx9yzrEFFs.8shS13s86l213,28,Male,Malaysia
213,McGahy,NULL,cmcgahy5w@google.com,$2y$12$HMQpWsBbiW2S/wOXD9YUXOtnUIuGkOyEx9yzrEFFs.8shS13s86l214,52,Female,Indonesia
214,Hammerman,NULL,bhammerman5x@e-recht24.de,$2y$12$HMQpWsBbiW2S/wOXD9YUXOtnUIuGkOyEx9yzrEFFs.8shS13s86l215,49,Male,Brazil
215,Polin,NULL,bpolin5y@fastcompany.com,$2y$12$HMQpWsBbiW2S/wOXD9YUXOtnUIuGkOyEx9yzrEFFs.8shS13s86l216,59,Male,China
216,Prahl,NULL,rprahl5z@bigcartel.com,$2y$12$HMQpWsBbiW2S/wOXD9YUXOtnUIuGkOyEx9yzrEFFs.8shS13s86l217,47,Male,Armenia
217,Hryskiewicz,NULL,rhryskiewicz60@biglobe.ne.jp,$2y$12$HMQpWsBbiW2S/wOXD9YUXOtnUIuGkOyEx9yzrEFFs.8shS13s86l218,54,Male,Ireland
218,McCard,NULL,amccard61@edublogs.org,$2y$12$HMQpWsBbiW2S/wOXD9YUXOtnUIuGkOyEx9yzrEFFs.8shS13s86l219,38,Male,Ukraine
219,Griffe,NULL,cgriffe62@europa.eu,$2y$12$HMQpWsBbiW2S/wOXD9YUXOtnUIuGkOyEx9yzrEFFs.8shS13s86l220,38,Female,Peru
220,Widdecombe,NULL,mwiddecombe63@cargocollective.com,$2y$12$HMQpWsBbiW2S/wOXD9YUXOtnUIuGkOyEx9yzrEFFs.8shS13s86l221,61,Male,Russia
221,Cannavan,NULL,mcannavan64@freewebs.com,$2y$12$HMQpWsBbiW2S/wOXD9YUXOtnUIuGkOyEx9yzrEFFs.8shS13s86l222,57,Female,Yemen
222,Lowy,NULL,clowy65@mail.ru,$2y$12$HMQpWsBbiW2S/wOXD9YUXOtnUIuGkOyEx9yzrEFFs.8shS13s86l223,42,Female,Poland
223,Wimes,NULL,mwimes66@nyu.edu,$2y$12$HMQpWsBbiW2S/wOXD9YUXOtnUIuGkOyEx9yzrEFFs.8shS13s86l224,60,Male,Syria
224,Radnage,NULL,sradnage67@auda.org.au,$2y$12$HMQpWsBbiW2S/wOXD9YUXOtnUIuGkOyEx9yzrEFFs.8shS13s86l225,41,Female,Poland
225,McGrowther,NULL,imcgrowther68@smugmug.com,$2y$12$HMQpWsBbiW2S/wOXD9YUXOtnUIuGkOyEx9yzrEFFs.8shS13s86l226,22,Male,Japan
226,Moyes,NULL,nmoyes69@qq.com,$2y$12$HMQpWsBbiW2S/wOXD9YUXOtnUIuGkOyEx9yzrEFFs.8shS13s86l227,34,Male,Myanmar
227,Alldred,NULL,galldred6a@utexas.edu,$2y$12$HMQpWsBbiW2S/wOXD9YUXOtnUIuGkOyEx9yzrEFFs.8shS13s86l228,40,Male,Poland
228,Eccott,NULL,neccott6b@buzzfeed.com,$2y$12$HMQpWsBbiW2S/wOXD9YUXOtnUIuGkOyEx9yzrEFFs.8shS13s86l229,56,Female,Finland
229,Kemsley,NULL,kkemsley6c@tmall.com,$2y$12$HMQpWsBbiW2S/wOXD9YUXOtnUIuGkOyEx9yzrEFFs.8shS13s86l230,30,Female,United States
230,Haile,NULL,ehaile6d@shutterfly.com,$2y$12$HMQpWsBbiW2S/wOXD9YUXOtnUIuGkOyEx9yzrEFFs.8shS13s86l231,28,Female,Philippines
231,Ashpole,NULL,oashpole6e@wsj.com,$2y$12$HMQpWsBbiW2S/wOXD9YUXOtnUIuGkOyEx9yzrEFFs.8shS13s86l232,26,Female,Bulgaria
232,McTurley,NULL,kmcturley6f@mediafire.com,$2y$12$HMQpWsBbiW2S/wOXD9YUXOtnUIuGkOyEx9yzrEFFs.8shS13s86l233,34,Male,United States
233,Habbal,NULL,ihabbal6g@eepurl.com,$2y$12$HMQpWsBbiW2S/wOXD9YUXOtnUIuGkOyEx9yzrEFFs.8shS13s86l234,21,Female,Brazil
234,Eltone,NULL,leltone6h@opera.com,$2y$12$HMQpWsBbiW2S/wOXD9YUXOtnUIuGkOyEx9yzrEFFs.8shS13s86l235,39,Male,Russia
235,Benoi,NULL,pbenoi6i@nydailynews.com,$2y$12$HMQpWsBbiW2S/wOXD9YUXOtnUIuGkOyEx9yzrEFFs.8shS13s86l236,46,Female,Nigeria
236,Penrith,NULL,fpenrith6j@is.gd,$2y$12$HMQpWsBbiW2S/wOXD9YUXOtnUIuGkOyEx9yzrEFFs.8shS13s86l237,22,Male,Netherlands
237,Reisk,NULL,breisk6k@people.com.cn,$2y$12$HMQpWsBbiW2S/wOXD9YUXOtnUIuGkOyEx9yzrEFFs.8shS13s86l238,49,Male,Finland
238,Memory,NULL,amemory6l@skyrock.com,$2y$12$HMQpWsBbiW2S/wOXD9YUXOtnUIuGkOyEx9yzrEFFs.8shS13s86l239,44,Male,China
239,Adamoli,NULL,cadamoli6m@naver.com,$2y$12$HMQpWsBbiW2S/wOXD9YUXOtnUIuGkOyEx9yzrEFFs.8shS13s86l240,31,Male,Portugal
240,Seer,NULL,mseer6n@xing.com,$2y$12$HMQpWsBbiW2S/wOXD9YUXOtnUIuGkOyEx9yzrEFFs.8shS13s86l241,47,Male,Guatemala
241,Abby,NULL,iabby6o@vistaprint.com,$2y$12$HMQpWsBbiW2S/wOXD9YUXOtnUIuGkOyEx9yzrEFFs.8shS13s86l242,55,Female,Poland
242,Llopis,NULL,dllopis6p@marriott.com,$2y$12$HMQpWsBbiW2S/wOXD9YUXOtnUIuGkOyEx9yzrEFFs.8shS13s86l243,25,Male,China
243,Danhel,NULL,tdanhel6q@networksolutions.com,$2y$12$HMQpWsBbiW2S/wOXD9YUXOtnUIuGkOyEx9yzrEFFs.8shS13s86l244,56,Female,Poland
244,Crankshaw,NULL,ecrankshaw6r@adobe.com,$2y$12$HMQpWsBbiW2S/wOXD9YUXOtnUIuGkOyEx9yzrEFFs.8shS13s86l245,25,Male,Colombia
245,Salisbury,NULL,tsalisbury6s@mashable.com,$2y$12$HMQpWsBbiW2S/wOXD9YUXOtnUIuGkOyEx9yzrEFFs.8shS13s86l246,50,Male,China
246,Goodsell,NULL,ngoodsell6t@globo.com,$2y$12$HMQpWsBbiW2S/wOXD9YUXOtnUIuGkOyEx9yzrEFFs.8shS13s86l247,51,Female,Japan
247,Geldard,NULL,rgeldard6u@printfriendly.com,$2y$12$HMQpWsBbiW2S/wOXD9YUXOtnUIuGkOyEx9yzrEFFs.8shS13s86l248,20,Female,China
248,Dingley,NULL,kdingley6v@ibm.com,$2y$12$HMQpWsBbiW2S/wOXD9YUXOtnUIuGkOyEx9yzrEFFs.8shS13s86l249,20,Male,Italy
249,Sweeting,NULL,gsweeting6w@chicagotribune.com,$2y$12$HMQpWsBbiW2S/wOXD9YUXOtnUIuGkOyEx9yzrEFFs.8shS13s86l250,29,Male,Indonesia
250,Hughes,NULL,bhughes6x@amazon.com,$2y$12$HMQpWsBbiW2S/wOXD9YUXOtnUIuGkOyEx9yzrEFFs.8shS13s86l251,54,Male,Finland
251,Stroyan,NULL,fstroyan6y@intel.com,$2y$12$HMQpWsBbiW2S/wOXD9YUXOtnUIuGkOyEx9yzrEFFs.8shS13s86l252,40,Female,Guatemala
252,Corrison,NULL,lcorrison6z@icq.com,$2y$12$HMQpWsBbiW2S/wOXD9YUXOtnUIuGkOyEx9yzrEFFs.8shS13s86l253,35,Male,Brazil
253,Edgeler,NULL,aedgeler70@washingtonpost.com,$2y$12$HMQpWsBbiW2S/wOXD9YUXOtnUIuGkOyEx9yzrEFFs.8shS13s86l254,19,Female,China
254,Lamberth,NULL,blamberth71@wiley.com,$2y$12$HMQpWsBbiW2S/wOXD9YUXOtnUIuGkOyEx9yzrEFFs.8shS13s86l255,31,Female,China
255,Ketchen,NULL,kketchen72@qq.com,$2y$12$HMQpWsBbiW2S/wOXD9YUXOtnUIuGkOyEx9yzrEFFs.8shS13s86l256,51,Female,Albania
256,Meikle,NULL,cmeikle73@mozilla.org,$2y$12$HMQpWsBbiW2S/wOXD9YUXOtnUIuGkOyEx9yzrEFFs.8shS13s86l257,32,Female,Tanzania
257,Cogswell,NULL,ccogswell74@ning.com,$2y$12$HMQpWsBbiW2S/wOXD9YUXOtnUIuGkOyEx9yzrEFFs.8shS13s86l258,49,Male,Serbia
258,Palia,NULL,jpalia75@symantec.com,$2y$12$HMQpWsBbiW2S/wOXD9YUXOtnUIuGkOyEx9yzrEFFs.8shS13s86l259,25,Male,Japan
259,Scotchbrook,NULL,lscotchbrook76@reverbnation.com,$2y$12$HMQpWsBbiW2S/wOXD9YUXOtnUIuGkOyEx9yzrEFFs.8shS13s86l260,28,Female,Indonesia
260,Underhill,NULL,eunderhill77@4shared.com,$2y$12$HMQpWsBbiW2S/wOXD9YUXOtnUIuGkOyEx9yzrEFFs.8shS13s86l261,43,Female,Serbia
261,Cornfield,NULL,gcornfield78@marketwatch.com,$2y$12$HMQpWsBbiW2S/wOXD9YUXOtnUIuGkOyEx9yzrEFFs.8shS13s86l262,26,Male,China
262,Deegan,NULL,edeegan79@altervista.org,$2y$12$HMQpWsBbiW2S/wOXD9YUXOtnUIuGkOyEx9yzrEFFs.8shS13s86l263,25,Female,Switzerland
263,Mechell,NULL,imechell7a@wikia.com,$2y$12$HMQpWsBbiW2S/wOXD9YUXOtnUIuGkOyEx9yzrEFFs.8shS13s86l264,27,Male,Nicaragua
264,Ivantyev,NULL,livantyev7b@blogger.com,$2y$12$HMQpWsBbiW2S/wOXD9YUXOtnUIuGkOyEx9yzrEFFs.8shS13s86l265,33,Male,Sweden
265,Teideman,NULL,lteideman7c@goo.gl,$2y$12$HMQpWsBbiW2S/wOXD9YUXOtnUIuGkOyEx9yzrEFFs.8shS13s86l266,49,Male,Indonesia
266,Vines,NULL,wvines7d@weibo.com,$2y$12$HMQpWsBbiW2S/wOXD9YUXOtnUIuGkOyEx9yzrEFFs.8shS13s86l267,32,Male,France
267,Heminsley,NULL,wheminsley7e@goo.gl,$2y$12$HMQpWsBbiW2S/wOXD9YUXOtnUIuGkOyEx9yzrEFFs.8shS13s86l268,55,Female,Mexico
268,Paddemore,NULL,mpaddemore7f@archive.org,$2y$12$HMQpWsBbiW2S/wOXD9YUXOtnUIuGkOyEx9yzrEFFs.8shS13s86l269,39,Male,China
269,Worland,NULL,pworland7g@51.la,$2y$12$HMQpWsBbiW2S/wOXD9YUXOtnUIuGkOyEx9yzrEFFs.8shS13s86l270,56,Male,China
270,Tabrett,NULL,ntabrett7h@abc.net.au,$2y$12$HMQpWsBbiW2S/wOXD9YUXOtnUIuGkOyEx9yzrEFFs.8shS13s86l271,55,Female,China
271,Blanko,NULL,jblanko7i@hhs.gov,$2y$12$HMQpWsBbiW2S/wOXD9YUXOtnUIuGkOyEx9yzrEFFs.8shS13s86l272,22,Female,Brazil
272,Whitehair,NULL,twhitehair7j@ovh.net,$2y$12$HMQpWsBbiW2S/wOXD9YUXOtnUIuGkOyEx9yzrEFFs.8shS13s86l273,22,Female,Indonesia
273,Redpath,NULL,aredpath7k@shop-pro.jp,$2y$12$HMQpWsBbiW2S/wOXD9YUXOtnUIuGkOyEx9yzrEFFs.8shS13s86l274,55,Female,Bulgaria
274,Hick,NULL,dhick7l@istockphoto.com,$2y$12$HMQpWsBbiW2S/wOXD9YUXOtnUIuGkOyEx9yzrEFFs.8shS13s86l275,32,Female,Canada
275,le Keux,NULL,hlekeux7m@vkontakte.ru,$2y$12$HMQpWsBbiW2S/wOXD9YUXOtnUIuGkOyEx9yzrEFFs.8shS13s86l276,34,Male,China
276,Comerford,NULL,kcomerford7n@washington.edu,$2y$12$HMQpWsBbiW2S/wOXD9YUXOtnUIuGkOyEx9yzrEFFs.8shS13s86l277,28,Female,Ukraine
277,Scholz,NULL,sscholz7o@people.com.cn,$2y$12$HMQpWsBbiW2S/wOXD9YUXOtnUIuGkOyEx9yzrEFFs.8shS13s86l278,34,Female,China
278,Shrimplin,NULL,mshrimplin7p@bloomberg.com,$2y$12$HMQpWsBbiW2S/wOXD9YUXOtnUIuGkOyEx9yzrEFFs.8shS13s86l279,23,Male,Morocco
279,Skillitt,NULL,tskillitt7q@cloudflare.com,$2y$12$HMQpWsBbiW2S/wOXD9YUXOtnUIuGkOyEx9yzrEFFs.8shS13s86l280,36,Male,Indonesia
280,Pech,NULL,bpech7r@thetimes.co.uk,$2y$12$HMQpWsBbiW2S/wOXD9YUXOtnUIuGkOyEx9yzrEFFs.8shS13s86l281,23,Female,China
281,Rumble,NULL,arumble7s@cmu.edu,$2y$12$HMQpWsBbiW2S/wOXD9YUXOtnUIuGkOyEx9yzrEFFs.8shS13s86l282,54,Female,Thailand
282,Gonning,NULL,ggonning7t@sciencedirect.com,$2y$12$HMQpWsBbiW2S/wOXD9YUXOtnUIuGkOyEx9yzrEFFs.8shS13s86l283,28,Male,France
283,Halgarth,NULL,mhalgarth7u@domainmarket.com,$2y$12$HMQpWsBbiW2S/wOXD9YUXOtnUIuGkOyEx9yzrEFFs.8shS13s86l284,57,Male,France
284,O'Clery,NULL,aoclery7v@intel.com,$2y$12$HMQpWsBbiW2S/wOXD9YUXOtnUIuGkOyEx9yzrEFFs.8shS13s86l285,47,Male,China
285,Mattiazzi,NULL,kmattiazzi7w@technorati.com,$2y$12$HMQpWsBbiW2S/wOXD9YUXOtnUIuGkOyEx9yzrEFFs.8shS13s86l286,53,Male,Colombia
286,Fulkes,NULL,rfulkes7x@jugem.jp,$2y$12$HMQpWsBbiW2S/wOXD9YUXOtnUIuGkOyEx9yzrEFFs.8shS13s86l287,24,Male,China
287,Donoher,NULL,kdonoher7y@illinois.edu,$2y$12$HMQpWsBbiW2S/wOXD9YUXOtnUIuGkOyEx9yzrEFFs.8shS13s86l288,39,Male,Russia
288,Osmond,NULL,wosmond7z@state.tx.us,$2y$12$HMQpWsBbiW2S/wOXD9YUXOtnUIuGkOyEx9yzrEFFs.8shS13s86l289,52,Female,Philippines
289,Simao,NULL,gsimao80@cbslocal.com,$2y$12$HMQpWsBbiW2S/wOXD9YUXOtnUIuGkOyEx9yzrEFFs.8shS13s86l290,66,Female,Colombia
290,Ivanuschka,NULL,sivanuschka81@ibm.com,$2y$12$HMQpWsBbiW2S/wOXD9YUXOtnUIuGkOyEx9yzrEFFs.8shS13s86l291,51,Male,Ireland
291,Umbert,NULL,bumbert82@xing.com,$2y$12$HMQpWsBbiW2S/wOXD9YUXOtnUIuGkOyEx9yzrEFFs.8shS13s86l292,56,Male,China
292,Candwell,NULL,acandwell83@furl.net,$2y$12$HMQpWsBbiW2S/wOXD9YUXOtnUIuGkOyEx9yzrEFFs.8shS13s86l293,22,Male,China
293,McAdam,NULL,cmcadam84@cbc.ca,$2y$12$HMQpWsBbiW2S/wOXD9YUXOtnUIuGkOyEx9yzrEFFs.8shS13s86l294,51,Female,Pakistan
294,Prothero,NULL,dprothero85@cargocollective.com,$2y$12$HMQpWsBbiW2S/wOXD9YUXOtnUIuGkOyEx9yzrEFFs.8shS13s86l295,27,Male,Ukraine
295,Ratter,NULL,gratter86@cdbaby.com,$2y$12$HMQpWsBbiW2S/wOXD9YUXOtnUIuGkOyEx9yzrEFFs.8shS13s86l296,56,Female,United States
296,McGillecole,NULL,lmcgillecole87@europa.eu,$2y$12$HMQpWsBbiW2S/wOXD9YUXOtnUIuGkOyEx9yzrEFFs.8shS13s86l297,21,Female,Indonesia
297,Lunge,NULL,alunge88@360.cn,$2y$12$HMQpWsBbiW2S/wOXD9YUXOtnUIuGkOyEx9yzrEFFs.8shS13s86l298,24,Female,Armenia
298,Plowman,NULL,splowman89@ustream.tv,$2y$12$HMQpWsBbiW2S/wOXD9YUXOtnUIuGkOyEx9yzrEFFs.8shS13s86l299,18,Male,Peru
299,Draxford,NULL,bdraxford8a@sogou.com,$2y$12$HMQpWsBbiW2S/wOXD9YUXOtnUIuGkOyEx9yzrEFFs.8shS13s86l300,28,Female,Sweden
300,Muscott,NULL,smuscott8b@booking.com,$2y$12$HMQpWsBbiW2S/wOXD9YUXOtnUIuGkOyEx9yzrEFFs.8shS13s86l301,26,Male,Canada
301,Matous,NULL,rmatous8c@si.edu,$2y$12$HMQpWsBbiW2S/wOXD9YUXOtnUIuGkOyEx9yzrEFFs.8shS13s86l302,47,Male,Indonesia
302,Guihen,NULL,kguihen8d@harvard.edu,$2y$12$HMQpWsBbiW2S/wOXD9YUXOtnUIuGkOyEx9yzrEFFs.8shS13s86l303,50,Male,Philippines
303,Gruczka,NULL,wgruczka8e@webmd.com,$2y$12$HMQpWsBbiW2S/wOXD9YUXOtnUIuGkOyEx9yzrEFFs.8shS13s86l304,51,Male,Japan
304,Spadeck,NULL,cspadeck8f@opera.com,$2y$12$HMQpWsBbiW2S/wOXD9YUXOtnUIuGkOyEx9yzrEFFs.8shS13s86l305,51,Female,Ireland
305,Betke,NULL,lbetke8g@slashdot.org,$2y$12$HMQpWsBbiW2S/wOXD9YUXOtnUIuGkOyEx9yzrEFFs.8shS13s86l306,58,Female,China
306,Rowley,NULL,arowley8h@virginia.edu,$2y$12$HMQpWsBbiW2S/wOXD9YUXOtnUIuGkOyEx9yzrEFFs.8shS13s86l307,26,Male,China
307,Barrie,NULL,bbarrie8i@ask.com,$2y$12$HMQpWsBbiW2S/wOXD9YUXOtnUIuGkOyEx9yzrEFFs.8shS13s86l308,49,Male,Indonesia
308,Beardsall,NULL,tbeardsall8j@google.co.jp,$2y$12$HMQpWsBbiW2S/wOXD9YUXOtnUIuGkOyEx9yzrEFFs.8shS13s86l309,27,Female,French Polynesia
309,Kupper,NULL,skupper8k@vistaprint.com,$2y$12$HMQpWsBbiW2S/wOXD9YUXOtnUIuGkOyEx9yzrEFFs.8shS13s86l310,18,Female,Colombia
310,Sothcott,NULL,rsothcott8l@themeforest.net,$2y$12$HMQpWsBbiW2S/wOXD9YUXOtnUIuGkOyEx9yzrEFFs.8shS13s86l311,44,Female,Slovenia
311,Ladel,NULL,bladel8m@goo.gl,$2y$12$HMQpWsBbiW2S/wOXD9YUXOtnUIuGkOyEx9yzrEFFs.8shS13s86l312,32,Female,Morocco
312,Boshard,NULL,jboshard8n@infoseek.co.jp,$2y$12$HMQpWsBbiW2S/wOXD9YUXOtnUIuGkOyEx9yzrEFFs.8shS13s86l313,40,Female,China
313,Kareman,NULL,ckareman8o@nih.gov,$2y$12$HMQpWsBbiW2S/wOXD9YUXOtnUIuGkOyEx9yzrEFFs.8shS13s86l314,33,Female,Philippines
314,Jakoviljevic,NULL,ajakoviljevic8p@vk.com,$2y$12$HMQpWsBbiW2S/wOXD9YUXOtnUIuGkOyEx9yzrEFFs.8shS13s86l315,48,Male,Thailand
315,Schaffel,NULL,rschaffel8q@washington.edu,$2y$12$HMQpWsBbiW2S/wOXD9YUXOtnUIuGkOyEx9yzrEFFs.8shS13s86l316,26,Female,Philippines
316,McElrath,NULL,smcelrath8r@w3.org,$2y$12$HMQpWsBbiW2S/wOXD9YUXOtnUIuGkOyEx9yzrEFFs.8shS13s86l317,58,Male,Poland
317,Connett,NULL,jconnett8s@facebook.com,$2y$12$HMQpWsBbiW2S/wOXD9YUXOtnUIuGkOyEx9yzrEFFs.8shS13s86l318,29,Male,Malaysia
318,Simoncelli,NULL,msimoncelli8t@china.com.cn,$2y$12$HMQpWsBbiW2S/wOXD9YUXOtnUIuGkOyEx9yzrEFFs.8shS13s86l319,42,Male,Poland
319,Hegges,NULL,vhegges8u@meetup.com,$2y$12$HMQpWsBbiW2S/wOXD9YUXOtnUIuGkOyEx9yzrEFFs.8shS13s86l320,48,Female,Azerbaijan
320,Moyse,NULL,gmoyse8v@dot.gov,$2y$12$HMQpWsBbiW2S/wOXD9YUXOtnUIuGkOyEx9yzrEFFs.8shS13s86l321,47,Female,Russia
321,Hazle,NULL,rhazle8w@plala.or.jp,$2y$12$HMQpWsBbiW2S/wOXD9YUXOtnUIuGkOyEx9yzrEFFs.8shS13s86l322,30,Female,Colombia
322,Yesipov,NULL,dyesipov8x@phpbb.com,$2y$12$HMQpWsBbiW2S/wOXD9YUXOtnUIuGkOyEx9yzrEFFs.8shS13s86l323,34,Female,China
323,Balentyne,NULL,ebalentyne8y@smugmug.com,$2y$12$HMQpWsBbiW2S/wOXD9YUXOtnUIuGkOyEx9yzrEFFs.8shS13s86l324,33,Male,Greece
324,Low,NULL,blow8z@tumblr.com,$2y$12$HMQpWsBbiW2S/wOXD9YUXOtnUIuGkOyEx9yzrEFFs.8shS13s86l325,43,Female,United States
325,Jeffers,NULL,mjeffers90@latimes.com,$2y$12$HMQpWsBbiW2S/wOXD9YUXOtnUIuGkOyEx9yzrEFFs.8shS13s86l326,35,Male,China
326,Bensen,NULL,jbensen91@europa.eu,$2y$12$HMQpWsBbiW2S/wOXD9YUXOtnUIuGkOyEx9yzrEFFs.8shS13s86l327,33,Male,Indonesia
327,Tschierse,NULL,etschierse92@virginia.edu,$2y$12$HMQpWsBbiW2S/wOXD9YUXOtnUIuGkOyEx9yzrEFFs.8shS13s86l328,22,Male,China
328,McNeill,NULL,wmcneill93@ca.gov,$2y$12$HMQpWsBbiW2S/wOXD9YUXOtnUIuGkOyEx9yzrEFFs.8shS13s86l329,18,Female,Belarus
329,Buffey,NULL,wbuffey94@baidu.com,$2y$12$HMQpWsBbiW2S/wOXD9YUXOtnUIuGkOyEx9yzrEFFs.8shS13s86l330,47,Male,China
330,Simeoni,NULL,bsimeoni95@tuttocitta.it,$2y$12$HMQpWsBbiW2S/wOXD9YUXOtnUIuGkOyEx9yzrEFFs.8shS13s86l331,46,Female,Iran
331,St. Quintin,NULL,rstquintin96@aol.com,$2y$12$HMQpWsBbiW2S/wOXD9YUXOtnUIuGkOyEx9yzrEFFs.8shS13s86l332,45,Male,Switzerland
332,Baugh,NULL,bbaugh97@redcross.org,$2y$12$HMQpWsBbiW2S/wOXD9YUXOtnUIuGkOyEx9yzrEFFs.8shS13s86l333,55,Male,Vietnam
333,Randall,NULL,vrandall98@senate.gov,$2y$12$HMQpWsBbiW2S/wOXD9YUXOtnUIuGkOyEx9yzrEFFs.8shS13s86l334,46,Female,Indonesia
334,Adrien,NULL,aadrien99@sina.com.cn,$2y$12$HMQpWsBbiW2S/wOXD9YUXOtnUIuGkOyEx9yzrEFFs.8shS13s86l335,20,Male,China
335,Carek,NULL,ccarek9a@feedburner.com,$2y$12$HMQpWsBbiW2S/wOXD9YUXOtnUIuGkOyEx9yzrEFFs.8shS13s86l336,45,Female,Philippines
336,Readshall,NULL,nreadshall9b@home.pl,$2y$12$HMQpWsBbiW2S/wOXD9YUXOtnUIuGkOyEx9yzrEFFs.8shS13s86l337,18,Male,Indonesia
337,Beal,NULL,sbeal9c@ameblo.jp,$2y$12$HMQpWsBbiW2S/wOXD9YUXOtnUIuGkOyEx9yzrEFFs.8shS13s86l338,29,Female,Malaysia
338,Belk,NULL,abelk9d@unesco.org,$2y$12$HMQpWsBbiW2S/wOXD9YUXOtnUIuGkOyEx9yzrEFFs.8shS13s86l339,36,Female,Philippines
339,Connechie,NULL,dconnechie9e@i2i.jp,$2y$12$HMQpWsBbiW2S/wOXD9YUXOtnUIuGkOyEx9yzrEFFs.8shS13s86l340,29,Female,Indonesia
340,Mereweather,NULL,bmereweather9f@npr.org,$2y$12$HMQpWsBbiW2S/wOXD9YUXOtnUIuGkOyEx9yzrEFFs.8shS13s86l341,27,Male,Mozambique
341,Bream,NULL,wbream9g@nifty.com,$2y$12$HMQpWsBbiW2S/wOXD9YUXOtnUIuGkOyEx9yzrEFFs.8shS13s86l342,25,Male,Thailand
342,Ulyat,NULL,sulyat9h@marriott.com,$2y$12$HMQpWsBbiW2S/wOXD9YUXOtnUIuGkOyEx9yzrEFFs.8shS13s86l343,19,Male,Indonesia
343,Klimt,NULL,gklimt9i@barnesandnoble.com,$2y$12$HMQpWsBbiW2S/wOXD9YUXOtnUIuGkOyEx9yzrEFFs.8shS13s86l344,44,Male,Thailand
344,Jerrans,NULL,sjerrans9j@fema.gov,$2y$12$HMQpWsBbiW2S/wOXD9YUXOtnUIuGkOyEx9yzrEFFs.8shS13s86l345,55,Female,Canada
345,Brabham,NULL,abrabham9k@t.co,$2y$12$HMQpWsBbiW2S/wOXD9YUXOtnUIuGkOyEx9yzrEFFs.8shS13s86l346,46,Male,Mexico
346,Duberry,NULL,eduberry9l@ycombinator.com,$2y$12$HMQpWsBbiW2S/wOXD9YUXOtnUIuGkOyEx9yzrEFFs.8shS13s86l347,36,Male,United States
347,Edney,NULL,fedney9m@trellian.com,$2y$12$HMQpWsBbiW2S/wOXD9YUXOtnUIuGkOyEx9yzrEFFs.8shS13s86l348,41,Male,Portugal
348,Fardy,NULL,dfardy9n@biblegateway.com,$2y$12$HMQpWsBbiW2S/wOXD9YUXOtnUIuGkOyEx9yzrEFFs.8shS13s86l349,38,Male,Ukraine
349,Palphreyman,NULL,apalphreyman9o@arstechnica.com,$2y$12$HMQpWsBbiW2S/wOXD9YUXOtnUIuGkOyEx9yzrEFFs.8shS13s86l350,47,Male,China
350,Schroeder,NULL,nschroeder9p@ted.com,$2y$12$HMQpWsBbiW2S/wOXD9YUXOtnUIuGkOyEx9yzrEFFs.8shS13s86l351,31,Female,Russia
351,Byk,NULL,jbyk9q@quantcast.com,$2y$12$HMQpWsBbiW2S/wOXD9YUXOtnUIuGkOyEx9yzrEFFs.8shS13s86l352,42,Male,China
352,Heintsch,NULL,gheintsch9r@spiegel.de,$2y$12$HMQpWsBbiW2S/wOXD9YUXOtnUIuGkOyEx9yzrEFFs.8shS13s86l353,24,Male,China
353,Morrel,NULL,jmorrel9s@dion.ne.jp,$2y$12$HMQpWsBbiW2S/wOXD9YUXOtnUIuGkOyEx9yzrEFFs.8shS13s86l354,38,Male,China
354,Segge,NULL,gsegge9t@illinois.edu,$2y$12$HMQpWsBbiW2S/wOXD9YUXOtnUIuGkOyEx9yzrEFFs.8shS13s86l355,57,Male,Kazakhstan
355,Gorusso,NULL,mgorusso9u@sourceforge.net,$2y$12$HMQpWsBbiW2S/wOXD9YUXOtnUIuGkOyEx9yzrEFFs.8shS13s86l356,40,Male,Ukraine
356,Adenot,NULL,cadenot9v@histats.com,$2y$12$HMQpWsBbiW2S/wOXD9YUXOtnUIuGkOyEx9yzrEFFs.8shS13s86l357,33,Male,Indonesia
357,Fritter,NULL,dfritter9w@newyorker.com,$2y$12$HMQpWsBbiW2S/wOXD9YUXOtnUIuGkOyEx9yzrEFFs.8shS13s86l358,34,Male,Ukraine
358,Errowe,NULL,verrowe9x@shop-pro.jp,$2y$12$HMQpWsBbiW2S/wOXD9YUXOtnUIuGkOyEx9yzrEFFs.8shS13s86l359,57,Male,Indonesia
359,Adnam,NULL,eadnam9y@devhub.com,$2y$12$HMQpWsBbiW2S/wOXD9YUXOtnUIuGkOyEx9yzrEFFs.8shS13s86l360,45,Male,Peru
360,Simonnet,NULL,ssimonnet9z@artisteer.com,$2y$12$HMQpWsBbiW2S/wOXD9YUXOtnUIuGkOyEx9yzrEFFs.8shS13s86l361,53,Female,Portugal
361,Cloy,NULL,pcloya0@netlog.com,$2y$12$HMQpWsBbiW2S/wOXD9YUXOtnUIuGkOyEx9yzrEFFs.8shS13s86l362,51,Female,Thailand
362,Mohammad,NULL,mhmd123@infoseek.com,$2y$12$HMQpWsBbiW2S/wOXD9YUXOtnUIuGkOyEx9yzrEFFs.8shS13s86l363,46,Female,Palestine
363,Marquiss,NULL,jmarquissa2@zdnet.com,$2y$12$HMQpWsBbiW2S/wOXD9YUXOtnUIuGkOyEx9yzrEFFs.8shS13s86l364,19,Male,Indonesia
364,Digby,NULL,ydigbya3@sina.com.cn,$2y$12$HMQpWsBbiW2S/wOXD9YUXOtnUIuGkOyEx9yzrEFFs.8shS13s86l365,23,Male,France
365,Claiden,NULL,lclaidena4@vistaprint.com,$2y$12$HMQpWsBbiW2S/wOXD9YUXOtnUIuGkOyEx9yzrEFFs.8shS13s86l366,32,Male,Netherlands
366,Detoc,NULL,udetoca5@meetup.com,$2y$12$HMQpWsBbiW2S/wOXD9YUXOtnUIuGkOyEx9yzrEFFs.8shS13s86l367,28,Male,China
367,Trowel,NULL,ctrowela6@ocn.ne.jp,$2y$12$HMQpWsBbiW2S/wOXD9YUXOtnUIuGkOyEx9yzrEFFs.8shS13s86l368,31,Female,Peru
368,Corrado,NULL,acorradoa7@wordpress.com,$2y$12$HMQpWsBbiW2S/wOXD9YUXOtnUIuGkOyEx9yzrEFFs.8shS13s86l369,21,Male,China
369,Hannaway,NULL,shannawaya8@tinyurl.com,$2y$12$HMQpWsBbiW2S/wOXD9YUXOtnUIuGkOyEx9yzrEFFs.8shS13s86l370,52,Male,Ireland
370,Egar,NULL,regara9@php.net,$2y$12$HMQpWsBbiW2S/wOXD9YUXOtnUIuGkOyEx9yzrEFFs.8shS13s86l371,24,Male,Sudan
371,Canto,NULL,rcantoaa@theguardian.com,$2y$12$HMQpWsBbiW2S/wOXD9YUXOtnUIuGkOyEx9yzrEFFs.8shS13s86l372,23,Male,Indonesia
372,Clardge,NULL,fclardgeab@merriam-webster.com,$2y$12$HMQpWsBbiW2S/wOXD9YUXOtnUIuGkOyEx9yzrEFFs.8shS13s86l373,30,Male,Croatia
373,Kleehuhler,NULL,bkleehuhlerac@netscape.com,$2y$12$HMQpWsBbiW2S/wOXD9YUXOtnUIuGkOyEx9yzrEFFs.8shS13s86l374,18,Male,Argentina
374,Tewkesbury.,NULL,vtewkesburyad@fda.gov,$2y$12$HMQpWsBbiW2S/wOXD9YUXOtnUIuGkOyEx9yzrEFFs.8shS13s86l375,27,Female,Philippines
375,Puddifer,NULL,cpuddiferae@nyu.edu,$2y$12$HMQpWsBbiW2S/wOXD9YUXOtnUIuGkOyEx9yzrEFFs.8shS13s86l376,53,Male,Mexico
376,MacDwyer,NULL,rmacdwyeraf@sciencedirect.com,$2y$12$HMQpWsBbiW2S/wOXD9YUXOtnUIuGkOyEx9yzrEFFs.8shS13s86l377,48,Female,Poland
377,McGrayle,NULL,imcgrayleag@adobe.com,$2y$12$HMQpWsBbiW2S/wOXD9YUXOtnUIuGkOyEx9yzrEFFs.8shS13s86l378,26,Male,Sweden
378,Matzl,NULL,dmatzlah@fotki.com,$2y$12$HMQpWsBbiW2S/wOXD9YUXOtnUIuGkOyEx9yzrEFFs.8shS13s86l379,26,Male,Ukraine
379,Garriock,NULL,ggarriockai@mtv.com,$2y$12$HMQpWsBbiW2S/wOXD9YUXOtnUIuGkOyEx9yzrEFFs.8shS13s86l380,37,Male,Germany
380,Artist,NULL,eartistaj@acquirethisname.com,$2y$12$HMQpWsBbiW2S/wOXD9YUXOtnUIuGkOyEx9yzrEFFs.8shS13s86l381,30,Female,Russia
381,MacQuarrie,NULL,wmacquarrieak@sciencedaily.com,$2y$12$HMQpWsBbiW2S/wOXD9YUXOtnUIuGkOyEx9yzrEFFs.8shS13s86l382,46,Male,United States
382,Arnely,NULL,jarnelyal@noaa.gov,$2y$12$HMQpWsBbiW2S/wOXD9YUXOtnUIuGkOyEx9yzrEFFs.8shS13s86l383,25,Male,Russia
383,Slainey,NULL,islaineyam@simplemachines.org,$2y$12$HMQpWsBbiW2S/wOXD9YUXOtnUIuGkOyEx9yzrEFFs.8shS13s86l384,24,Male,China
384,Biesinger,NULL,gbiesingeran@shop-pro.jp,$2y$12$HMQpWsBbiW2S/wOXD9YUXOtnUIuGkOyEx9yzrEFFs.8shS13s86l385,62,Male,Ukraine
385,Townsley,NULL,ftownsleyao@imgur.com,$2y$12$HMQpWsBbiW2S/wOXD9YUXOtnUIuGkOyEx9yzrEFFs.8shS13s86l386,23,Female,Japan
386,Mellanby,NULL,lmellanbyap@foxnews.com,$2y$12$HMQpWsBbiW2S/wOXD9YUXOtnUIuGkOyEx9yzrEFFs.8shS13s86l387,31,Male,China
387,Cowdery,NULL,ccowderyaq@china.com.cn,$2y$12$HMQpWsBbiW2S/wOXD9YUXOtnUIuGkOyEx9yzrEFFs.8shS13s86l388,30,Female,China
388,Isles,NULL,aislesar@linkedin.com,$2y$12$HMQpWsBbiW2S/wOXD9YUXOtnUIuGkOyEx9yzrEFFs.8shS13s86l389,52,Female,Czechia
389,Trazzi,NULL,ctrazzias@wiley.com,$2y$12$HMQpWsBbiW2S/wOXD9YUXOtnUIuGkOyEx9yzrEFFs.8shS13s86l390,52,Male,Colombia
390,Vickers,NULL,avickersat@desdev.cn,$2y$12$HMQpWsBbiW2S/wOXD9YUXOtnUIuGkOyEx9yzrEFFs.8shS13s86l391,44,Female,China
391,Jurries,NULL,djurriesau@free.fr,$2y$12$HMQpWsBbiW2S/wOXD9YUXOtnUIuGkOyEx9yzrEFFs.8shS13s86l392,23,Male,Slovenia
392,Semrad,NULL,isemradav@bbb.org,$2y$12$HMQpWsBbiW2S/wOXD9YUXOtnUIuGkOyEx9yzrEFFs.8shS13s86l393,27,Female,Vietnam
393,Venn,NULL,dvennaw@time.com,$2y$12$HMQpWsBbiW2S/wOXD9YUXOtnUIuGkOyEx9yzrEFFs.8shS13s86l394,22,Female,Philippines
394,McGooch,NULL,jmcgoochax@networksolutions.com,$2y$12$HMQpWsBbiW2S/wOXD9YUXOtnUIuGkOyEx9yzrEFFs.8shS13s86l395,51,Male,China
395,Mitroshinov,NULL,amitroshinovay@mac.com,$2y$12$HMQpWsBbiW2S/wOXD9YUXOtnUIuGkOyEx9yzrEFFs.8shS13s86l396,36,Male,Mexico
396,Dowsett,NULL,bdowsettaz@bravesites.com,$2y$12$HMQpWsBbiW2S/wOXD9YUXOtnUIuGkOyEx9yzrEFFs.8shS13s86l397,26,Male,China
397,Abisetti,NULL,kabisettib0@flavors.me,$2y$12$HMQpWsBbiW2S/wOXD9YUXOtnUIuGkOyEx9yzrEFFs.8shS13s86l398,41,Male,South Africa
398,Keningham,NULL,ckeninghamb1@house.gov,$2y$12$HMQpWsBbiW2S/wOXD9YUXOtnUIuGkOyEx9yzrEFFs.8shS13s86l399,42,Male,Indonesia
399,Reeken,NULL,oreekenb2@tuttocitta.it,$2y$12$HMQpWsBbiW2S/wOXD9YUXOtnUIuGkOyEx9yzrEFFs.8shS13s86l400,47,Female,Brazil
400,People,NULL,bpeopleb3@theguardian.com,$2y$12$HMQpWsBbiW2S/wOXD9YUXOtnUIuGkOyEx9yzrEFFs.8shS13s86l401,27,Male,Brazil
401,Reeson,NULL,breesonb4@edublogs.org,$2y$12$HMQpWsBbiW2S/wOXD9YUXOtnUIuGkOyEx9yzrEFFs.8shS13s86l402,43,Female,Macedonia
402,Elsegood,NULL,eelsegoodb5@edublogs.org,$2y$12$HMQpWsBbiW2S/wOXD9YUXOtnUIuGkOyEx9yzrEFFs.8shS13s86l403,54,Male,Ecuador
403,Gilbane,NULL,ggilbaneb6@github.com,$2y$12$HMQpWsBbiW2S/wOXD9YUXOtnUIuGkOyEx9yzrEFFs.8shS13s86l404,49,Male,Ukraine
404,Lanon,NULL,flanonb7@dyndns.org,$2y$12$HMQpWsBbiW2S/wOXD9YUXOtnUIuGkOyEx9yzrEFFs.8shS13s86l405,31,Male,South Africa
405,Leeman,NULL,eleemanb8@uiuc.edu,$2y$12$HMQpWsBbiW2S/wOXD9YUXOtnUIuGkOyEx9yzrEFFs.8shS13s86l406,45,Male,United States
406,Sturges,NULL,ssturgesb9@chicagotribune.com,$2y$12$HMQpWsBbiW2S/wOXD9YUXOtnUIuGkOyEx9yzrEFFs.8shS13s86l407,34,Male,Colombia
407,Mattia,NULL,pmattiaba@over-blog.com,$2y$12$HMQpWsBbiW2S/wOXD9YUXOtnUIuGkOyEx9yzrEFFs.8shS13s86l408,30,Female,Peru
408,Blankley,NULL,cblankleybb@noaa.gov,$2y$12$HMQpWsBbiW2S/wOXD9YUXOtnUIuGkOyEx9yzrEFFs.8shS13s86l409,41,Male,China
409,Erett,NULL,aerettbc@creativecommons.org,$2y$12$HMQpWsBbiW2S/wOXD9YUXOtnUIuGkOyEx9yzrEFFs.8shS13s86l410,34,Male,North Korea
410,Dunkirk,NULL,bdunkirkbd@mit.edu,$2y$12$HMQpWsBbiW2S/wOXD9YUXOtnUIuGkOyEx9yzrEFFs.8shS13s86l411,40,Female,Norway
411,De Witt,NULL,mdewittbe@canalblog.com,$2y$12$HMQpWsBbiW2S/wOXD9YUXOtnUIuGkOyEx9yzrEFFs.8shS13s86l412,60,Male,Indonesia
412,Van Saltsberg,NULL,avansaltsbergbf@tmall.com,$2y$12$HMQpWsBbiW2S/wOXD9YUXOtnUIuGkOyEx9yzrEFFs.8shS13s86l413,28,Male,Indonesia
413,Farriar,NULL,wfarriarbg@xinhuanet.com,$2y$12$HMQpWsBbiW2S/wOXD9YUXOtnUIuGkOyEx9yzrEFFs.8shS13s86l414,34,Male,Sri Lanka
414,Crudge,NULL,bcrudgebh@omniture.com,$2y$12$HMQpWsBbiW2S/wOXD9YUXOtnUIuGkOyEx9yzrEFFs.8shS13s86l415,57,Male,Lebanon
415,Burril,NULL,pburrilbi@technorati.com,$2y$12$HMQpWsBbiW2S/wOXD9YUXOtnUIuGkOyEx9yzrEFFs.8shS13s86l416,47,Female,France
416,MacCumiskey,NULL,lmaccumiskeybj@w3.org,$2y$12$HMQpWsBbiW2S/wOXD9YUXOtnUIuGkOyEx9yzrEFFs.8shS13s86l417,29,Male,China
417,Bruty,NULL,fbrutybk@phoca.cz,$2y$12$HMQpWsBbiW2S/wOXD9YUXOtnUIuGkOyEx9yzrEFFs.8shS13s86l418,51,Female,Uzbekistan
418,Fridaye,NULL,tfridayebl@jigsy.com,$2y$12$HMQpWsBbiW2S/wOXD9YUXOtnUIuGkOyEx9yzrEFFs.8shS13s86l419,18,Male,Honduras
419,Pavey,NULL,dpaveybm@europa.eu,$2y$12$HMQpWsBbiW2S/wOXD9YUXOtnUIuGkOyEx9yzrEFFs.8shS13s86l420,28,Male,China
420,Pischoff,NULL,fpischoffbn@jigsy.com,$2y$12$HMQpWsBbiW2S/wOXD9YUXOtnUIuGkOyEx9yzrEFFs.8shS13s86l421,24,Female,Russia
421,Lukacs,NULL,plukacsbo@google.es,$2y$12$HMQpWsBbiW2S/wOXD9YUXOtnUIuGkOyEx9yzrEFFs.8shS13s86l422,36,Male,Poland
422,Hamblett,NULL,chamblettbp@ebay.co.uk,$2y$12$HMQpWsBbiW2S/wOXD9YUXOtnUIuGkOyEx9yzrEFFs.8shS13s86l423,52,Male,China
423,Mossom,NULL,dmossombq@infoseek.co.jp,$2y$12$HMQpWsBbiW2S/wOXD9YUXOtnUIuGkOyEx9yzrEFFs.8shS13s86l424,39,Female,Indonesia
424,Graalmans,NULL,egraalmansbr@blogs.com,$2y$12$HMQpWsBbiW2S/wOXD9YUXOtnUIuGkOyEx9yzrEFFs.8shS13s86l425,38,Male,Colombia
425,Zannini,NULL,mzanninibs@simplemachines.org,$2y$12$HMQpWsBbiW2S/wOXD9YUXOtnUIuGkOyEx9yzrEFFs.8shS13s86l426,42,Female,China
426,Drysdell,NULL,rdrysdellbt@elegantthemes.com,$2y$12$HMQpWsBbiW2S/wOXD9YUXOtnUIuGkOyEx9yzrEFFs.8shS13s86l427,55,Male,Morocco
427,Punter,NULL,kpunterbu@drupal.org,$2y$12$HMQpWsBbiW2S/wOXD9YUXOtnUIuGkOyEx9yzrEFFs.8shS13s86l428,20,Male,China
428,Raiment,NULL,craimentbv@vinaora.com,$2y$12$HMQpWsBbiW2S/wOXD9YUXOtnUIuGkOyEx9yzrEFFs.8shS13s86l429,23,Male,Indonesia
429,Chace,NULL,ichacebw@taobao.com,$2y$12$HMQpWsBbiW2S/wOXD9YUXOtnUIuGkOyEx9yzrEFFs.8shS13s86l430,41,Female,China
430,Minker,NULL,pminkerbx@tiny.cc,$2y$12$HMQpWsBbiW2S/wOXD9YUXOtnUIuGkOyEx9yzrEFFs.8shS13s86l431,31,Male,China
431,Caville,NULL,pcavilleby@yale.edu,$2y$12$HMQpWsBbiW2S/wOXD9YUXOtnUIuGkOyEx9yzrEFFs.8shS13s86l432,27,Female,New Zealand
432,Ilchenko,NULL,bilchenkobz@google.ru,$2y$12$HMQpWsBbiW2S/wOXD9YUXOtnUIuGkOyEx9yzrEFFs.8shS13s86l433,40,Male,Sweden
433,Mann,NULL,kmannc0@scribd.com,$2y$12$HMQpWsBbiW2S/wOXD9YUXOtnUIuGkOyEx9yzrEFFs.8shS13s86l434,62,Male,Argentina
434,Castellaccio,NULL,dcastellaccioc1@abc.net.au,$2y$12$HMQpWsBbiW2S/wOXD9YUXOtnUIuGkOyEx9yzrEFFs.8shS13s86l435,45,Female,China
435,Woodroffe,NULL,mwoodroffec2@clickbank.net,$2y$12$HMQpWsBbiW2S/wOXD9YUXOtnUIuGkOyEx9yzrEFFs.8shS13s86l436,59,Male,United States
436,Simonnet,NULL,asimonnetc3@infoseek.co.jp,$2y$12$HMQpWsBbiW2S/wOXD9YUXOtnUIuGkOyEx9yzrEFFs.8shS13s86l437,37,Male,Russia
437,Elvidge,NULL,telvidgec4@prnewswire.com,$2y$12$HMQpWsBbiW2S/wOXD9YUXOtnUIuGkOyEx9yzrEFFs.8shS13s86l438,34,Female,Russia
438,Hawler,NULL,ghawlerc5@washingtonpost.com,$2y$12$HMQpWsBbiW2S/wOXD9YUXOtnUIuGkOyEx9yzrEFFs.8shS13s86l439,47,Female,China
439,Auchterlony,NULL,gauchterlonyc6@ifeng.com,$2y$12$HMQpWsBbiW2S/wOXD9YUXOtnUIuGkOyEx9yzrEFFs.8shS13s86l440,27,Female,Netherlands
440,Dict,NULL,fdictc7@parallels.com,$2y$12$HMQpWsBbiW2S/wOXD9YUXOtnUIuGkOyEx9yzrEFFs.8shS13s86l441,38,Male,Indonesia
441,Peotz,NULL,gpeotzc8@dmoz.org,$2y$12$HMQpWsBbiW2S/wOXD9YUXOtnUIuGkOyEx9yzrEFFs.8shS13s86l442,61,Female,China
442,Cottrill,NULL,hcottrillc9@bloglovin.com,$2y$12$HMQpWsBbiW2S/wOXD9YUXOtnUIuGkOyEx9yzrEFFs.8shS13s86l443,43,Female,Ireland
443,Tuminelli,NULL,mtuminellica@comcast.net,$2y$12$HMQpWsBbiW2S/wOXD9YUXOtnUIuGkOyEx9yzrEFFs.8shS13s86l444,23,Male,China
444,Scutter,NULL,jscuttercb@hibu.com,$2y$12$HMQpWsBbiW2S/wOXD9YUXOtnUIuGkOyEx9yzrEFFs.8shS13s86l445,38,Male,Indonesia
445,Pisculli,NULL,cpiscullicc@deviantart.com,$2y$12$HMQpWsBbiW2S/wOXD9YUXOtnUIuGkOyEx9yzrEFFs.8shS13s86l446,35,Female,Brazil
446,De Andreis,NULL,hdeandreiscd@tmall.com,$2y$12$HMQpWsBbiW2S/wOXD9YUXOtnUIuGkOyEx9yzrEFFs.8shS13s86l447,45,Male,China
447,Edgington,NULL,sedgingtonce@lycos.com,$2y$12$HMQpWsBbiW2S/wOXD9YUXOtnUIuGkOyEx9yzrEFFs.8shS13s86l448,40,Male,China
448,Defew,NULL,ddefewcf@umn.edu,$2y$12$HMQpWsBbiW2S/wOXD9YUXOtnUIuGkOyEx9yzrEFFs.8shS13s86l449,36,Female,Russia
449,Foro,NULL,dforocg@fotki.com,$2y$12$HMQpWsBbiW2S/wOXD9YUXOtnUIuGkOyEx9yzrEFFs.8shS13s86l450,40,Male,United States
450,Camps,NULL,icampsch@smh.com.au,$2y$12$HMQpWsBbiW2S/wOXD9YUXOtnUIuGkOyEx9yzrEFFs.8shS13s86l451,29,Male,Hungary
451,Sarvar,NULL,asarvarci@ezinearticles.com,$2y$12$HMQpWsBbiW2S/wOXD9YUXOtnUIuGkOyEx9yzrEFFs.8shS13s86l452,18,Female,China
452,Chaucer,NULL,achaucercj@yellowpages.com,$2y$12$HMQpWsBbiW2S/wOXD9YUXOtnUIuGkOyEx9yzrEFFs.8shS13s86l453,36,Male,France
453,Hullins,NULL,mhullinsck@blinklist.com,$2y$12$HMQpWsBbiW2S/wOXD9YUXOtnUIuGkOyEx9yzrEFFs.8shS13s86l454,39,Male,China
454,Moulden,NULL,amouldencl@wikia.com,$2y$12$HMQpWsBbiW2S/wOXD9YUXOtnUIuGkOyEx9yzrEFFs.8shS13s86l455,27,Female,Canada
455,Baudet,NULL,vbaudetcm@bluehost.com,$2y$12$HMQpWsBbiW2S/wOXD9YUXOtnUIuGkOyEx9yzrEFFs.8shS13s86l456,30,Female,China
456,Niaves,NULL,kniavescn@networksolutions.com,$2y$12$HMQpWsBbiW2S/wOXD9YUXOtnUIuGkOyEx9yzrEFFs.8shS13s86l457,38,Male,Ukraine
457,Yurocjkin,NULL,hyurocjkinco@dion.ne.jp,$2y$12$HMQpWsBbiW2S/wOXD9YUXOtnUIuGkOyEx9yzrEFFs.8shS13s86l458,26,Female,Indonesia
458,Jeeks,NULL,mjeekscp@ed.gov,$2y$12$HMQpWsBbiW2S/wOXD9YUXOtnUIuGkOyEx9yzrEFFs.8shS13s86l459,37,Female,Uzbekistan
459,Osanne,NULL,kosannecq@seattletimes.com,$2y$12$HMQpWsBbiW2S/wOXD9YUXOtnUIuGkOyEx9yzrEFFs.8shS13s86l460,32,Male,Italy
460,Morton,NULL,bmortoncr@ebay.com,$2y$12$HMQpWsBbiW2S/wOXD9YUXOtnUIuGkOyEx9yzrEFFs.8shS13s86l461,30,Male,China
461,Castilljo,NULL,ccastilljocs@hexun.com,$2y$12$HMQpWsBbiW2S/wOXD9YUXOtnUIuGkOyEx9yzrEFFs.8shS13s86l462,36,Male,France
462,Pabel,NULL,rpabelct@amazon.co.uk,$2y$12$HMQpWsBbiW2S/wOXD9YUXOtnUIuGkOyEx9yzrEFFs.8shS13s86l463,48,Male,France
463,Crampsey,NULL,mcrampseycu@usgs.gov,$2y$12$HMQpWsBbiW2S/wOXD9YUXOtnUIuGkOyEx9yzrEFFs.8shS13s86l464,47,Male,Brazil
464,Kalaher,NULL,skalahercv@tuttocitta.it,$2y$12$HMQpWsBbiW2S/wOXD9YUXOtnUIuGkOyEx9yzrEFFs.8shS13s86l465,61,Female,China
465,Tonsley,NULL,rtonsleycw@rediff.com,$2y$12$HMQpWsBbiW2S/wOXD9YUXOtnUIuGkOyEx9yzrEFFs.8shS13s86l466,42,Male,Czechia
466,Sterricks,NULL,bsterrickscx@desdev.cn,$2y$12$HMQpWsBbiW2S/wOXD9YUXOtnUIuGkOyEx9yzrEFFs.8shS13s86l467,22,Male,China
467,Hostan,NULL,mhostancy@huffingtonpost.com,$2y$12$HMQpWsBbiW2S/wOXD9YUXOtnUIuGkOyEx9yzrEFFs.8shS13s86l468,53,Female,El Salvador
468,Challenger,NULL,achallengercz@netscape.com,$2y$12$HMQpWsBbiW2S/wOXD9YUXOtnUIuGkOyEx9yzrEFFs.8shS13s86l469,23,Male,Iran
469,Walton,NULL,nwaltond0@sitemeter.com,$2y$12$HMQpWsBbiW2S/wOXD9YUXOtnUIuGkOyEx9yzrEFFs.8shS13s86l470,40,Female,Japan
470,Suthren,NULL,tsuthrend1@alexa.com,$2y$12$HMQpWsBbiW2S/wOXD9YUXOtnUIuGkOyEx9yzrEFFs.8shS13s86l471,24,Female,Indonesia
471,Jina,NULL,cjinad2@constantcontact.com,$2y$12$HMQpWsBbiW2S/wOXD9YUXOtnUIuGkOyEx9yzrEFFs.8shS13s86l472,28,Female,France
472,Gallaway,NULL,pgallawayd3@oaic.gov.au,$2y$12$HMQpWsBbiW2S/wOXD9YUXOtnUIuGkOyEx9yzrEFFs.8shS13s86l473,31,Male,El Salvador
473,Raffan,NULL,nraffand4@ocn.ne.jp,$2y$12$HMQpWsBbiW2S/wOXD9YUXOtnUIuGkOyEx9yzrEFFs.8shS13s86l474,52,Female,Bosnia and Herzegovina
474,Garard,NULL,bgarardd5@stumbleupon.com,$2y$12$HMQpWsBbiW2S/wOXD9YUXOtnUIuGkOyEx9yzrEFFs.8shS13s86l475,24,Male,Colombia
475,Epinay,NULL,repinayd6@cargocollective.com,$2y$12$HMQpWsBbiW2S/wOXD9YUXOtnUIuGkOyEx9yzrEFFs.8shS13s86l476,25,Male,Japan
476,Greenstock,NULL,sgreenstockd7@constantcontact.com,$2y$12$HMQpWsBbiW2S/wOXD9YUXOtnUIuGkOyEx9yzrEFFs.8shS13s86l477,27,Male,Thailand
477,Alelsandrowicz,NULL,malelsandrowiczd8@amazon.co.jp,$2y$12$HMQpWsBbiW2S/wOXD9YUXOtnUIuGkOyEx9yzrEFFs.8shS13s86l478,26,Male,Slovenia
478,Verrier,NULL,sverrierd9@chronoengine.com,$2y$12$HMQpWsBbiW2S/wOXD9YUXOtnUIuGkOyEx9yzrEFFs.8shS13s86l479,26,Male,Cambodia
479,McChesney,NULL,fmcchesneyda@examiner.com,$2y$12$HMQpWsBbiW2S/wOXD9YUXOtnUIuGkOyEx9yzrEFFs.8shS13s86l480,35,Female,China
480,Pioch,NULL,hpiochdb@unc.edu,$2y$12$HMQpWsBbiW2S/wOXD9YUXOtnUIuGkOyEx9yzrEFFs.8shS13s86l481,45,Male,Philippines
481,Dowdle,NULL,ddowdledc@woothemes.com,$2y$12$HMQpWsBbiW2S/wOXD9YUXOtnUIuGkOyEx9yzrEFFs.8shS13s86l482,42,Male,Bolivia
482,Manthroppe,NULL,amanthroppedd@unicef.org,$2y$12$HMQpWsBbiW2S/wOXD9YUXOtnUIuGkOyEx9yzrEFFs.8shS13s86l483,27,Male,Portugal
483,Chopy,NULL,nchopyde@soup.io,$2y$12$HMQpWsBbiW2S/wOXD9YUXOtnUIuGkOyEx9yzrEFFs.8shS13s86l484,28,Female,Yemen
484,Elizabeth,NULL,nelizabethdf@surveymonkey.com,$2y$12$HMQpWsBbiW2S/wOXD9YUXOtnUIuGkOyEx9yzrEFFs.8shS13s86l485,34,Male,Indonesia
485,O'Shields,NULL,roshieldsdg@exblog.jp,$2y$12$HMQpWsBbiW2S/wOXD9YUXOtnUIuGkOyEx9yzrEFFs.8shS13s86l486,34,Female,Russia
486,Pruce,NULL,fprucedh@instagram.com,$2y$12$HMQpWsBbiW2S/wOXD9YUXOtnUIuGkOyEx9yzrEFFs.8shS13s86l487,29,Male,Indonesia
487,Corrao,NULL,hcorraodi@sitemeter.com,$2y$12$HMQpWsBbiW2S/wOXD9YUXOtnUIuGkOyEx9yzrEFFs.8shS13s86l488,24,Male,Pakistan
488,Ambroz,NULL,eambrozdj@behance.net,$2y$12$HMQpWsBbiW2S/wOXD9YUXOtnUIuGkOyEx9yzrEFFs.8shS13s86l489,46,Male,Lebanon
489,Ivan,NULL,civandk@samsung.com,$2y$12$HMQpWsBbiW2S/wOXD9YUXOtnUIuGkOyEx9yzrEFFs.8shS13s86l490,36,Male,South Africa
490,Bence,NULL,tbencedl@istockphoto.com,$2y$12$HMQpWsBbiW2S/wOXD9YUXOtnUIuGkOyEx9yzrEFFs.8shS13s86l491,33,Male,China
491,Chaters,NULL,vchatersdm@goo.ne.jp,$2y$12$HMQpWsBbiW2S/wOXD9YUXOtnUIuGkOyEx9yzrEFFs.8shS13s86l492,30,Male,China
492,Broader,NULL,cbroaderdn@baidu.com,$2y$12$HMQpWsBbiW2S/wOXD9YUXOtnUIuGkOyEx9yzrEFFs.8shS13s86l493,45,Male,Poland
493,Petel,NULL,ppeteldo@eventbrite.com,$2y$12$HMQpWsBbiW2S/wOXD9YUXOtnUIuGkOyEx9yzrEFFs.8shS13s86l494,34,Male,Papua New Guinea
494,Dedrick,NULL,idedrickdp@dot.gov,$2y$12$HMQpWsBbiW2S/wOXD9YUXOtnUIuGkOyEx9yzrEFFs.8shS13s86l495,23,Female,China
495,Poundesford,NULL,kpoundesforddq@marketwatch.com,$2y$12$HMQpWsBbiW2S/wOXD9YUXOtnUIuGkOyEx9yzrEFFs.8shS13s86l496,31,Male,Indonesia
496,Malley,NULL,lmalleydr@wix.com,$2y$12$HMQpWsBbiW2S/wOXD9YUXOtnUIuGkOyEx9yzrEFFs.8shS13s86l497,29,Male,Indonesia
497,Gothrup,NULL,lgothrupds@gizmodo.com,$2y$12$HMQpWsBbiW2S/wOXD9YUXOtnUIuGkOyEx9yzrEFFs.8shS13s86l498,28,Male,Sweden
498,Isenor,NULL,pisenordt@earthlink.net,$2y$12$HMQpWsBbiW2S/wOXD9YUXOtnUIuGkOyEx9yzrEFFs.8shS13s86l499,29,Female,France
499,Hendrikse,NULL,chendriksedu@economist.com,$2y$12$HMQpWsBbiW2S/wOXD9YUXOtnUIuGkOyEx9yzrEFFs.8shS13s86l500,45,Female,Zimbabwe
500,Folkes,NULL,sfolkesdv@ca.gov,$2y$12$HMQpWsBbiW2S/wOXD9YUXOtnUIuGkOyEx9yzrEFFs.8shS13s86l501,32,Male,Portugal
